Timestamp,Webcam_1_Average,Webcam_2_Average
0.0,0.0,0.1527777777777778
0.03333333333333333,0.0,0.1527777777777778
0.06666666666666667,0.0,0.0
0.1,0.0,0.0
0.13333333333333333,0.0,0.0
0.16666666666666666,0.0,0.027777777777777776
0.2,0.0,0.027777777777777776
0.23333333333333334,0.0,0.0
0.26666666666666666,0.0,0.0
0.3,0.0,0.0
0.3333333333333333,0.0,0.0
0.36666666666666664,0.0,0.0
0.4,0.0,0.0
0.43333333333333335,0.0,0.027777777777777776
0.4666666666666667,0.0,0.027777777777777776
0.5,0.0,0.3055555555555556
0.5333333333333333,0.0,0.2777777777777778
0.5666666666666667,0.045454545454545456,0.08333333333333333
0.6,0.045454545454545456,0.08333333333333333
0.6333333333333333,0.0,0.05555555555555555
0.6666666666666666,0.0,0.05555555555555555
0.7,0.0,0.2222222222222222
0.7333333333333333,0.0,0.06944444444444445
0.7666666666666667,0.0,0.06944444444444445
0.8,0.0,0.05555555555555555
0.8333333333333334,0.0,0.05555555555555555
0.8666666666666667,0.08181818181818182,0.05555555555555555
0.9,0.08181818181818182,0.1388888888888889
0.9333333333333333,0.0,0.1388888888888889
0.9666666666666667,0.0,0.2222222222222222
1.0,0.0,0.2222222222222222
1.0333333333333334,0.0,0.2222222222222222
1.0666666666666667,0.03636363636363636,0.08333333333333333
1.1,0.07272727272727272,0.08333333333333333
1.1333333333333333,0.07272727272727272,0.08333333333333333
1.1666666666666667,0.00909090909090909,0.19444444444444445
1.2,0.00909090909090909,0.08333333333333333
1.2333333333333334,0.00909090909090909,0.2777777777777778
1.2666666666666666,0.02727272727272727,0.2777777777777778
1.3,0.23636363636363636,0.20833333333333334
1.3333333333333333,0.23636363636363636,0.20833333333333334
1.3666666666666667,0.02727272727272727,0.2222222222222222
1.4,0.02727272727272727,0.2222222222222222
1.4333333333333333,0.02727272727272727,0.2222222222222222
1.4666666666666666,0.16363636363636364,0.1527777777777778
1.5,0.08181818181818182,0.1527777777777778
1.5333333333333334,0.08181818181818182,0.2222222222222222
1.5666666666666667,0.08181818181818182,0.2222222222222222
1.6,0.5272727272727272,0.2222222222222222
1.6333333333333333,0.5272727272727272,0.3055555555555556
1.6666666666666667,0.8909090909090909,0.19444444444444445
1.7,0.38181818181818183,0.25
1.7333333333333334,0.22727272727272727,0.25
1.7666666666666666,0.37272727272727274,0.2916666666666667
1.8,0.37272727272727274,0.2916666666666667
1.8333333333333333,0.44545454545454544,0.125
1.8666666666666667,0.44545454545454544,0.125
1.9,0.44545454545454544,0.013888888888888888
1.9333333333333333,0.4090909090909091,0.20833333333333334
1.9666666666666666,0.4090909090909091,0.20833333333333334
2.0,0.3,0.3611111111111111
2.033333333333333,0.3,0.3611111111111111
2.066666666666667,0.08181818181818182,0.3611111111111111
2.1,0.08181818181818182,0.20833333333333334
2.1333333333333333,0.16363636363636364,0.20833333333333334
2.1666666666666665,0.045454545454545456,0.2638888888888889
2.2,0.045454545454545456,0.19444444444444445
2.2333333333333334,0.16363636363636364,0.19444444444444445
2.2666666666666666,0.16363636363636364,0.19444444444444445
2.3,0.0,0.05555555555555555
2.3333333333333335,0.0,0.05555555555555555
2.3666666666666667,0.0,0.3333333333333333
2.4,0.08181818181818182,0.3333333333333333
2.433333333333333,0.4636363636363636,0.18055555555555555
2.466666666666667,0.4636363636363636,0.18055555555555555
2.5,0.3090909090909091,0.3055555555555556
2.533333333333333,0.3090909090909091,0.3055555555555556
2.566666666666667,0.24545454545454545,0.2638888888888889
2.6,0.43636363636363634,0.2638888888888889
2.6333333333333333,0.4090909090909091,0.20833333333333334
2.6666666666666665,0.4090909090909091,0.20833333333333334
2.7,0.15454545454545454,0.041666666666666664
2.7333333333333334,0.15454545454545454,0.09722222222222222
2.7666666666666666,0.15454545454545454,0.09722222222222222
2.8,0.2818181818181818,0.375
2.8333333333333335,0.2818181818181818,0.375
2.8666666666666667,0.7545454545454545,0.375
2.9,0.5,0.6388888888888888
2.933333333333333,0.5,0.6388888888888888
2.966666666666667,0.3181818181818182,0.041666666666666664
3.0,0.3181818181818182,0.041666666666666664
3.033333333333333,0.3,0.08333333333333333
3.066666666666667,0.3,0.08333333333333333
3.1,0.6,0.05555555555555555
3.1333333333333333,0.6,0.05555555555555555
3.1666666666666665,0.6,0.06944444444444445
3.2,0.6636363636363637,0.08333333333333333
3.2333333333333334,0.6636363636363637,0.08333333333333333
3.2666666666666666,0.23636363636363636,0.08333333333333333
3.3,0.23636363636363636,0.2361111111111111
3.3333333333333335,0.5272727272727272,0.2222222222222222
3.3666666666666667,0.5272727272727272,0.08333333333333333
3.4,0.3181818181818182,0.08333333333333333
3.433333333333333,0.6727272727272727,0.1527777777777778
3.466666666666667,0.6818181818181818,0.1527777777777778
3.5,0.18181818181818182,0.4305555555555556
3.533333333333333,0.18181818181818182,0.4305555555555556
3.566666666666667,0.18181818181818182,0.2638888888888889
3.6,0.5454545454545454,0.2638888888888889
3.6333333333333333,0.34545454545454546,0.16666666666666666
3.6666666666666665,0.34545454545454546,0.16666666666666666
3.7,0.20909090909090908,0.2916666666666667
3.7333333333333334,0.20909090909090908,0.2916666666666667
3.7666666666666666,0.20909090909090908,0.041666666666666664
3.8,0.16363636363636364,0.041666666666666664
3.8333333333333335,0.2727272727272727,0.0
3.8666666666666667,0.18181818181818182,0.4722222222222222
3.9,0.03636363636363636,0.4722222222222222
3.933333333333333,0.03636363636363636,0.1527777777777778
3.966666666666667,0.03636363636363636,0.1527777777777778
4.0,0.11818181818181818,0.3888888888888889
4.033333333333333,0.11818181818181818,0.3888888888888889
4.066666666666666,0.09090909090909091,0.3888888888888889
4.1,0.12727272727272726,0.125
4.133333333333334,0.12727272727272726,0.125
4.166666666666667,0.05454545454545454,0.16666666666666666
4.2,0.05454545454545454,0.16666666666666666
4.233333333333333,0.34545454545454546,0.2361111111111111
4.266666666666667,0.34545454545454546,0.2361111111111111
4.3,0.2727272727272727,0.09722222222222222
4.333333333333333,0.2727272727272727,0.09722222222222222
4.366666666666666,0.2727272727272727,0.2222222222222222
4.4,0.32727272727272727,0.2361111111111111
4.433333333333334,0.32727272727272727,0.2361111111111111
4.466666666666667,0.2545454545454545,0.2361111111111111
4.5,0.2545454545454545,0.2222222222222222
4.533333333333333,0.16363636363636364,0.2222222222222222
4.566666666666666,0.16363636363636364,0.25
4.6,0.23636363636363636,0.09722222222222222
4.633333333333334,0.3,0.09722222222222222
4.666666666666667,0.3,0.3194444444444444
4.7,0.21818181818181817,0.3194444444444444
4.733333333333333,0.21818181818181817,0.3194444444444444
4.766666666666667,0.21818181818181817,0.2916666666666667
4.8,0.23636363636363636,0.2638888888888889
4.833333333333333,0.23636363636363636,0.05555555555555555
4.866666666666666,0.11818181818181818,0.05555555555555555
4.9,0.15454545454545454,0.125
4.933333333333334,0.15454545454545454,0.125
4.966666666666667,0.23636363636363636,0.3194444444444444
5.0,0.23636363636363636,0.2222222222222222
5.033333333333333,0.11818181818181818,0.2638888888888889
5.066666666666666,0.11818181818181818,0.16666666666666666
5.1,0.07272727272727272,0.08333333333333333
5.133333333333334,0.07272727272727272,0.027777777777777776
5.166666666666667,0.07272727272727272,0.027777777777777776
5.2,0.17272727272727273,0.18055555555555555
5.233333333333333,0.17272727272727273,0.18055555555555555
5.266666666666667,0.12727272727272726,0.2777777777777778
5.3,0.12727272727272726,0.2777777777777778
5.333333333333333,0.39090909090909093,0.1111111111111111
5.366666666666666,0.19090909090909092,0.1111111111111111
5.4,0.19090909090909092,0.1111111111111111
5.433333333333334,0.3,0.1527777777777778
5.466666666666667,0.3,0.1527777777777778
5.5,0.0,0.375
5.533333333333333,0.0,0.375
5.566666666666666,0.16363636363636364,0.25
5.6,0.16363636363636364,0.2222222222222222
5.633333333333334,0.33636363636363636,0.2222222222222222
5.666666666666667,0.33636363636363636,0.2222222222222222
5.7,0.33636363636363636,0.1388888888888889
5.733333333333333,0.2,0.3333333333333333
5.766666666666667,0.16363636363636364,0.3333333333333333
5.8,0.16363636363636364,0.1388888888888889
5.833333333333333,0.22727272727272727,0.1388888888888889
5.866666666666666,0.22727272727272727,0.20833333333333334
5.9,0.15454545454545454,0.20833333333333334
5.933333333333334,0.15454545454545454,0.2916666666666667
5.966666666666667,0.3090909090909091,0.2916666666666667
6.0,0.3090909090909091,0.2916666666666667
6.033333333333333,0.5454545454545454,0.2916666666666667
6.066666666666666,0.5454545454545454,0.2916666666666667
6.1,0.4727272727272727,0.1527777777777778
6.133333333333334,0.4727272727272727,0.1527777777777778
6.166666666666667,0.37272727272727274,0.1111111111111111
6.2,0.8090909090909091,0.125
6.233333333333333,0.5545454545454546,0.125
6.266666666666667,0.5545454545454546,0.125
6.3,0.6818181818181818,0.125
6.333333333333333,0.6818181818181818,0.2777777777777778
6.366666666666666,0.6818181818181818,0.2777777777777778
6.4,0.7181818181818181,0.18055555555555555
6.433333333333334,0.7181818181818181,0.18055555555555555
6.466666666666667,0.12727272727272726,0.3472222222222222
6.5,0.17272727272727273,0.3472222222222222
6.533333333333333,0.17272727272727273,0.4722222222222222
6.566666666666666,0.37272727272727274,0.4722222222222222
6.6,0.37272727272727274,0.2777777777777778
6.633333333333334,0.6909090909090909,0.2777777777777778
6.666666666666667,0.6909090909090909,0.5
6.7,0.4,0.5
6.733333333333333,0.34545454545454546,0.5138888888888888
6.766666666666667,0.6727272727272727,0.5138888888888888
6.8,0.6727272727272727,0.25
6.833333333333333,0.5,0.25
6.866666666666666,0.5,0.25
6.9,0.4,0.3472222222222222
6.933333333333334,0.4,28.01388888888889
6.966666666666667,74.19090909090909,28.01388888888889
7.0,74.19090909090909,0.2638888888888889
7.033333333333333,0.2636363636363636,0.2638888888888889
7.066666666666666,0.2636363636363636,0.18055555555555555
7.1,0.12727272727272726,0.18055555555555555
7.133333333333334,0.12727272727272726,0.3194444444444444
7.166666666666667,0.2909090909090909,0.3194444444444444
7.2,0.2909090909090909,0.25
7.233333333333333,0.2818181818181818,0.25
7.266666666666667,0.2818181818181818,0.25
7.3,0.2,0.19444444444444445
7.333333333333333,0.2,0.19444444444444445
7.366666666666666,0.12727272727272726,0.2222222222222222
7.4,0.12727272727272726,0.16666666666666666
7.433333333333334,0.20909090909090908,0.16666666666666666
7.466666666666667,0.20909090909090908,0.2777777777777778
7.5,0.10909090909090909,0.375
7.533333333333333,0.10909090909090909,0.2638888888888889
7.566666666666666,0.10909090909090909,0.2638888888888889
7.6,0.3181818181818182,0.125
7.633333333333334,0.16363636363636364,0.125
7.666666666666667,0.16363636363636364,0.3472222222222222
7.7,92.49090909090908,0.3472222222222222
7.733333333333333,92.49090909090908,0.3472222222222222
7.766666666666667,0.21818181818181817,38.43055555555556
7.8,0.21818181818181817,38.43055555555556
7.833333333333333,0.19090909090909092,0.2777777777777778
7.866666666666666,0.19090909090909092,0.2777777777777778
7.9,0.9636363636363636,0.1111111111111111
7.933333333333334,0.9636363636363636,0.2361111111111111
7.966666666666667,0.43636363636363634,0.2361111111111111
8.0,0.43636363636363634,0.2222222222222222
8.033333333333333,0.2545454545454545,0.2222222222222222
8.066666666666666,0.2545454545454545,0.2222222222222222
8.1,0.7454545454545455,0.0
8.133333333333333,0.7454545454545455,0.25
8.166666666666666,0.3181818181818182,0.25
8.2,0.4,0.3888888888888889
8.233333333333333,0.34545454545454546,0.3888888888888889
8.266666666666667,0.34545454545454546,0.2777777777777778
8.3,0.6636363636363637,0.2777777777777778
8.333333333333334,0.5545454545454546,0.375
8.366666666666667,0.2909090909090909,0.375
8.4,0.2909090909090909,0.027777777777777776
8.433333333333334,0.4090909090909091,0.027777777777777776
8.466666666666667,0.4090909090909091,0.20833333333333334
8.5,0.12727272727272726,0.20833333333333334
8.533333333333333,0.3181818181818182,0.20833333333333334
8.566666666666666,0.2909090909090909,0.1388888888888889
8.6,0.2909090909090909,0.1527777777777778
8.633333333333333,0.15454545454545454,0.1527777777777778
8.666666666666666,0.15454545454545454,0.25
8.7,0.8727272727272727,0.25
8.733333333333333,0.8727272727272727,0.4583333333333333
8.766666666666667,0.44545454545454544,0.4583333333333333
8.8,0.44545454545454544,0.013888888888888888
8.833333333333334,0.2727272727272727,0.013888888888888888
8.866666666666667,0.2727272727272727,0.2361111111111111
8.9,0.7181818181818181,0.2361111111111111
8.933333333333334,0.7181818181818181,0.08333333333333333
8.966666666666667,0.509090909090909,0.08333333333333333
9.0,0.509090909090909,0.4305555555555556
9.033333333333333,0.3181818181818182,0.4305555555555556
9.066666666666666,0.3181818181818182,0.0
9.1,0.44545454545454544,0.05555555555555555
9.133333333333333,0.44545454545454544,0.19444444444444445
9.166666666666666,0.5545454545454546,0.19444444444444445
9.2,0.5545454545454546,0.06944444444444445
9.233333333333333,0.43636363636363634,0.06944444444444445
9.266666666666667,0.43636363636363634,0.06944444444444445
9.3,0.12727272727272726,0.0
9.333333333333334,0.12727272727272726,0.05555555555555555
9.366666666666667,0.19090909090909092,0.05555555555555555
9.4,0.19090909090909092,0.4166666666666667
9.433333333333334,0.33636363636363636,0.4166666666666667
9.466666666666667,0.33636363636363636,0.18055555555555555
9.5,0.2636363636363636,0.18055555555555555
9.533333333333333,0.2636363636363636,0.19444444444444445
9.566666666666666,0.2636363636363636,0.19444444444444445
9.6,0.3,0.08333333333333333
9.633333333333333,0.3,0.08333333333333333
9.666666666666666,0.3,0.2638888888888889
9.7,0.06363636363636363,0.2638888888888889
9.733333333333333,0.06363636363636363,0.2638888888888889
9.766666666666667,0.5909090909090909,0.09722222222222222
9.8,0.5909090909090909,0.09722222222222222
9.833333333333334,0.38181818181818183,0.16666666666666666
9.866666666666667,0.38181818181818183,0.20833333333333334
9.9,0.6818181818181818,0.20833333333333334
9.933333333333334,0.6818181818181818,0.2777777777777778
9.966666666666667,0.36363636363636365,0.2777777777777778
10.0,0.36363636363636365,0.2777777777777778
10.033333333333333,0.2545454545454545,0.05555555555555555
10.066666666666666,0.2545454545454545,0.3888888888888889
10.1,0.6,0.3888888888888889
10.133333333333333,0.6,0.3888888888888889
10.166666666666666,0.4,0.19444444444444445
10.2,0.4,0.19444444444444445
10.233333333333333,0.4,0.19444444444444445
10.266666666666667,0.2818181818181818,0.1527777777777778
10.3,0.38181818181818183,0.20833333333333334
10.333333333333334,0.38181818181818183,0.4305555555555556
10.366666666666667,0.3,0.4305555555555556
10.4,0.3,0.4305555555555556
10.433333333333334,0.35454545454545455,0.16666666666666666
10.466666666666667,0.35454545454545455,0.16666666666666666
10.5,0.16363636363636364,0.027777777777777776
10.533333333333333,0.16363636363636364,0.027777777777777776
10.566666666666666,0.42727272727272725,0.2638888888888889
10.6,0.42727272727272725,0.2638888888888889
10.633333333333333,0.45454545454545453,0.027777777777777776
10.666666666666666,0.45454545454545453,0.027777777777777776
10.7,0.509090909090909,0.16666666666666666
10.733333333333333,0.509090909090909,0.16666666666666666
10.766666666666667,0.44545454545454544,0.4583333333333333
10.8,0.43636363636363634,0.4583333333333333
10.833333333333334,0.34545454545454546,0.2638888888888889
10.866666666666667,0.34545454545454546,0.2638888888888889
10.9,0.6090909090909091,0.18055555555555555
10.933333333333334,0.6090909090909091,0.18055555555555555
10.966666666666667,0.6090909090909091,0.2638888888888889
11.0,0.2636363636363636,0.2638888888888889
11.033333333333333,0.2636363636363636,0.2638888888888889
11.066666666666666,0.9636363636363636,0.09722222222222222
11.1,0.6272727272727273,0.18055555555555555
11.133333333333333,0.6272727272727273,0.18055555555555555
11.166666666666666,0.7545454545454545,0.18055555555555555
11.2,0.7545454545454545,0.18055555555555555
11.233333333333333,0.5454545454545454,0.2638888888888889
11.266666666666667,0.5454545454545454,0.2638888888888889
11.3,0.5181818181818182,0.3055555555555556
11.333333333333334,0.5181818181818182,0.3055555555555556
11.366666666666667,0.7636363636363637,0.3194444444444444
11.4,0.7636363636363637,0.3194444444444444
11.433333333333334,0.2818181818181818,0.18055555555555555
11.466666666666667,0.2818181818181818,0.18055555555555555
11.5,0.5,0.1388888888888889
11.533333333333333,0.5,0.1388888888888889
11.566666666666666,0.5,0.1111111111111111
11.6,0.8818181818181818,0.2916666666666667
11.633333333333333,0.43636363636363634,0.2916666666666667
11.666666666666666,0.43636363636363634,0.25
11.7,0.43636363636363634,0.08333333333333333
11.733333333333333,0.6454545454545455,0.08333333333333333
11.766666666666667,0.6454545454545455,0.05555555555555555
11.8,0.4909090909090909,0.05555555555555555
11.833333333333334,0.4909090909090909,0.20833333333333334
11.866666666666667,0.7636363636363637,0.5972222222222222
11.9,0.4636363636363636,0.5972222222222222
11.933333333333334,0.4636363636363636,0.5972222222222222
11.966666666666667,0.4636363636363636,0.09722222222222222
12.0,0.14545454545454545,0.09722222222222222
12.033333333333333,0.14545454545454545,0.08333333333333333
12.066666666666666,0.43636363636363634,0.08333333333333333
12.1,0.43636363636363634,0.1388888888888889
12.133333333333333,0.4,0.1388888888888889
12.166666666666666,0.5,0.19444444444444445
12.2,0.5,0.19444444444444445
12.233333333333333,0.5,0.3194444444444444
12.266666666666667,0.6727272727272727,0.3194444444444444
12.3,0.6727272727272727,0.19444444444444445
12.333333333333334,0.32727272727272727,0.19444444444444445
12.366666666666667,0.32727272727272727,0.125
12.4,0.10909090909090909,0.1527777777777778
12.433333333333334,0.10909090909090909,0.1527777777777778
12.466666666666667,0.2818181818181818,0.1527777777777778
12.5,0.2818181818181818,0.1527777777777778
12.533333333333333,0.2636363636363636,0.1527777777777778
12.566666666666666,0.2636363636363636,0.05555555555555555
12.6,0.14545454545454545,0.05555555555555555
12.633333333333333,0.2909090909090909,0.3333333333333333
12.666666666666666,0.4,0.3333333333333333
12.7,0.2,0.19444444444444445
12.733333333333333,0.2,0.19444444444444445
12.766666666666667,0.2,0.3194444444444444
12.8,0.12727272727272726,0.3194444444444444
12.833333333333334,0.12727272727272726,0.2777777777777778
12.866666666666667,0.20909090909090908,0.2777777777777778
12.9,0.20909090909090908,55.013888888888886
12.933333333333334,15.89090909090909,55.013888888888886
12.966666666666667,15.89090909090909,0.2222222222222222
13.0,0.10909090909090909,0.2222222222222222
13.033333333333333,0.24545454545454545,0.19444444444444445
13.066666666666666,0.24545454545454545,0.19444444444444445
13.1,0.44545454545454544,0.3194444444444444
13.133333333333333,0.44545454545454544,0.3194444444444444
13.166666666666666,0.44545454545454544,0.20833333333333334
13.2,0.3181818181818182,0.20833333333333334
13.233333333333333,0.3181818181818182,0.2916666666666667
13.266666666666667,0.4727272727272727,0.2916666666666667
13.3,0.05454545454545454,0.20833333333333334
13.333333333333334,0.05454545454545454,0.20833333333333334
13.366666666666667,0.07272727272727272,0.25
13.4,0.07272727272727272,0.25
13.433333333333334,0.07272727272727272,0.2916666666666667
13.466666666666667,0.22727272727272727,0.2916666666666667
13.5,0.22727272727272727,0.2222222222222222
13.533333333333333,0.3090909090909091,0.2222222222222222
13.566666666666666,0.3090909090909091,0.1111111111111111
13.6,18.618181818181817,0.1111111111111111
13.633333333333333,18.618181818181817,62.611111111111114
13.666666666666666,0.4727272727272727,62.611111111111114
13.7,0.4727272727272727,0.09722222222222222
13.733333333333333,0.5818181818181818,0.09722222222222222
13.766666666666667,0.33636363636363636,0.16666666666666666
13.8,0.33636363636363636,0.16666666666666666
13.833333333333334,0.7090909090909091,0.05555555555555555
13.866666666666667,0.7090909090909091,0.05555555555555555
13.9,0.7090909090909091,0.1527777777777778
13.933333333333334,0.43636363636363634,0.1527777777777778
13.966666666666667,0.43636363636363634,0.1111111111111111
14.0,0.2727272727272727,0.1111111111111111
14.033333333333333,0.2727272727272727,0.125
14.066666666666666,0.5454545454545454,0.125
14.1,0.5454545454545454,0.18055555555555555
14.133333333333333,0.41818181818181815,0.18055555555555555
14.166666666666666,0.41818181818181815,0.1111111111111111
14.2,0.6272727272727273,0.1111111111111111
14.233333333333333,0.5909090909090909,0.20833333333333334
14.266666666666667,0.5909090909090909,0.20833333333333334
14.3,0.5909090909090909,65.29166666666667
14.333333333333334,19.636363636363637,65.29166666666667
14.366666666666667,19.636363636363637,0.2916666666666667
14.4,0.2727272727272727,0.2916666666666667
14.433333333333334,0.2727272727272727,0.3472222222222222
14.466666666666667,0.3181818181818182,0.3472222222222222
14.5,0.6,0.2916666666666667
14.533333333333333,0.6,0.2916666666666667
14.566666666666666,0.4090909090909091,0.2222222222222222
14.6,0.4090909090909091,0.2222222222222222
14.633333333333333,0.12727272727272726,0.4027777777777778
14.666666666666666,0.12727272727272726,0.4027777777777778
14.7,0.12727272727272726,0.3472222222222222
14.733333333333333,0.6454545454545455,0.5694444444444444
14.766666666666667,0.6454545454545455,0.5694444444444444
14.8,0.5727272727272728,0.5694444444444444
14.833333333333334,0.5727272727272728,0.2916666666666667
14.866666666666667,0.5454545454545454,0.4027777777777778
14.9,0.5454545454545454,0.375
14.933333333333334,0.35454545454545455,0.375
14.966666666666667,18.363636363636363,0.3472222222222222
15.0,18.363636363636363,0.3472222222222222
15.033333333333333,0.5909090909090909,61.25
15.066666666666666,0.5909090909090909,61.25
15.1,0.5909090909090909,0.1111111111111111
15.133333333333333,0.5454545454545454,0.1111111111111111
15.166666666666666,0.5454545454545454,0.1111111111111111
15.2,0.2818181818181818,0.1111111111111111
15.233333333333333,0.2818181818181818,0.5555555555555556
15.266666666666667,0.3,0.5555555555555556
15.3,0.3,0.18055555555555555
15.333333333333334,0.2909090909090909,0.18055555555555555
15.366666666666667,0.5363636363636364,0.3055555555555556
15.4,0.5363636363636364,0.3055555555555556
15.433333333333334,0.32727272727272727,0.041666666666666664
15.466666666666667,0.32727272727272727,0.041666666666666664
15.5,0.32727272727272727,0.19444444444444445
15.533333333333333,0.4727272727272727,0.19444444444444445
15.566666666666666,0.4727272727272727,0.18055555555555555
15.6,0.43636363636363634,0.18055555555555555
15.633333333333333,0.41818181818181815,0.18055555555555555
15.666666666666666,0.41818181818181815,0.16666666666666666
15.7,0.41818181818181815,0.4027777777777778
15.733333333333333,0.39090909090909093,0.4027777777777778
15.766666666666667,0.39090909090909093,0.2638888888888889
15.8,0.6090909090909091,0.2638888888888889
15.833333333333334,0.7181818181818181,0.16666666666666666
15.866666666666667,0.7181818181818181,0.16666666666666666
15.9,0.7181818181818181,0.3055555555555556
15.933333333333334,0.5818181818181818,0.3055555555555556
15.966666666666667,0.5818181818181818,0.08333333333333333
16.0,0.43636363636363634,0.08333333333333333
16.033333333333335,0.44545454545454544,0.16666666666666666
16.066666666666666,0.32727272727272727,0.16666666666666666
16.1,0.5272727272727272,0.16666666666666666
16.133333333333333,0.5272727272727272,0.16666666666666666
16.166666666666668,0.4090909090909091,0.375
16.2,0.4090909090909091,0.375
16.233333333333334,0.4090909090909091,0.2916666666666667
16.266666666666666,0.45454545454545453,0.2916666666666667
16.3,0.45454545454545453,0.05555555555555555
16.333333333333332,0.39090909090909093,0.3194444444444444
16.366666666666667,0.39090909090909093,0.3194444444444444
16.4,0.35454545454545455,0.3194444444444444
16.433333333333334,0.35454545454545455,0.125
16.466666666666665,0.509090909090909,0.125
16.5,0.509090909090909,0.05555555555555555
16.533333333333335,0.16363636363636364,0.05555555555555555
16.566666666666666,0.2,0.1111111111111111
16.6,0.2,0.1111111111111111
16.633333333333333,0.19090909090909092,0.19444444444444445
16.666666666666668,0.21818181818181817,0.19444444444444445
16.7,0.21818181818181817,0.1527777777777778
16.733333333333334,0.0,0.1527777777777778
16.766666666666666,0.0,0.09722222222222222
16.8,0.5454545454545454,0.09722222222222222
16.833333333333332,0.5454545454545454,0.25
16.866666666666667,0.43636363636363634,0.25
16.9,0.4909090909090909,0.1527777777777778
16.933333333333334,0.4909090909090909,0.1527777777777778
16.966666666666665,0.4909090909090909,0.013888888888888888
17.0,0.3090909090909091,0.013888888888888888
17.033333333333335,0.3090909090909091,0.0
17.066666666666666,0.33636363636363636,0.2916666666666667
17.1,0.33636363636363636,0.2916666666666667
17.133333333333333,0.16363636363636364,0.2361111111111111
17.166666666666668,0.16363636363636364,0.2361111111111111
17.2,0.15454545454545454,0.18055555555555555
17.233333333333334,0.15454545454545454,0.05555555555555555
17.266666666666666,0.39090909090909093,0.05555555555555555
17.3,0.39090909090909093,0.20833333333333334
17.333333333333332,0.5909090909090909,0.20833333333333334
17.366666666666667,0.44545454545454544,0.013888888888888888
17.4,0.44545454545454544,0.013888888888888888
17.433333333333334,0.34545454545454546,0.2638888888888889
17.466666666666665,0.34545454545454546,0.2638888888888889
17.5,0.43636363636363634,0.2222222222222222
17.533333333333335,0.07272727272727272,0.2222222222222222
17.566666666666666,0.07272727272727272,0.1388888888888889
17.6,0.21818181818181817,0.1388888888888889
17.633333333333333,0.21818181818181817,0.19444444444444445
17.666666666666668,0.16363636363636364,0.19444444444444445
17.7,0.16363636363636364,0.09722222222222222
17.733333333333334,0.2727272727272727,0.09722222222222222
17.766666666666666,0.2727272727272727,0.1388888888888889
17.8,0.13636363636363635,0.1388888888888889
17.833333333333332,0.2,0.1111111111111111
17.866666666666667,0.2,0.3194444444444444
17.9,0.2,0.3194444444444444
17.933333333333334,0.0,0.3194444444444444
17.966666666666665,0.0,0.06944444444444445
18.0,0.3,0.041666666666666664
18.033333333333335,0.3,0.3611111111111111
18.066666666666666,0.045454545454545456,0.3611111111111111
18.1,0.12727272727272726,0.18055555555555555
18.133333333333333,0.12727272727272726,0.18055555555555555
18.166666666666668,0.39090909090909093,0.2777777777777778
18.2,0.39090909090909093,0.2777777777777778
18.233333333333334,0.39090909090909093,0.05555555555555555
18.266666666666666,0.6545454545454545,0.05555555555555555
18.3,0.6545454545454545,0.06944444444444445
18.333333333333332,0.22727272727272727,0.16666666666666666
18.366666666666667,0.22727272727272727,0.16666666666666666
18.4,0.2,0.16666666666666666
18.433333333333334,0.2,0.19444444444444445
18.466666666666665,0.10909090909090909,0.19444444444444445
18.5,0.10909090909090909,0.2222222222222222
18.533333333333335,0.41818181818181815,0.2222222222222222
18.566666666666666,0.4090909090909091,0.3888888888888889
18.6,0.4090909090909091,0.3888888888888889
18.633333333333333,0.4818181818181818,0.20833333333333334
18.666666666666668,0.4818181818181818,0.20833333333333334
18.7,0.4818181818181818,36.0
18.733333333333334,86.62727272727273,0.2777777777777778
18.766666666666666,86.62727272727273,0.2777777777777778
18.8,0.5727272727272728,0.2777777777777778
18.833333333333332,0.5727272727272728,0.125
18.866666666666667,0.14545454545454545,0.125
18.9,0.14545454545454545,0.2916666666666667
18.933333333333334,0.42727272727272725,0.2916666666666667
18.966666666666665,0.05454545454545454,0.3333333333333333
19.0,0.05454545454545454,0.3333333333333333
19.033333333333335,0.23636363636363636,0.4166666666666667
19.066666666666666,0.23636363636363636,0.4166666666666667
19.1,0.23636363636363636,0.3194444444444444
19.133333333333333,0.16363636363636364,0.3194444444444444
19.166666666666668,0.16363636363636364,0.18055555555555555
19.2,0.2636363636363636,0.18055555555555555
19.233333333333334,0.2636363636363636,0.2361111111111111
19.266666666666666,0.06363636363636363,0.2361111111111111
19.3,0.06363636363636363,0.2222222222222222
19.333333333333332,0.21818181818181817,0.2222222222222222
19.366666666666667,0.21818181818181817,0.1527777777777778
19.4,0.20909090909090908,0.25
19.433333333333334,0.33636363636363636,0.25
19.466666666666665,0.33636363636363636,0.25
19.5,0.33636363636363636,0.375
19.533333333333335,0.0,0.375
19.566666666666666,0.0,0.1111111111111111
19.6,0.08181818181818182,0.1111111111111111
19.633333333333333,0.12727272727272726,0.2222222222222222
19.666666666666668,0.12727272727272726,0.2222222222222222
19.7,0.35454545454545455,0.06944444444444445
19.733333333333334,0.35454545454545455,0.06944444444444445
19.766666666666666,0.35454545454545455,0.3472222222222222
19.8,0.2909090909090909,0.2777777777777778
19.833333333333332,0.2909090909090909,0.09722222222222222
19.866666666666667,0.6727272727272727,0.3055555555555556
19.9,0.6727272727272727,0.3055555555555556
19.933333333333334,0.19090909090909092,0.3055555555555556
19.966666666666665,0.19090909090909092,0.25
20.0,0.5181818181818182,0.25
20.033333333333335,0.37272727272727274,0.18055555555555555
20.066666666666666,0.37272727272727274,0.18055555555555555
20.1,0.5454545454545454,0.1111111111111111
20.133333333333333,0.5454545454545454,0.1111111111111111
20.166666666666668,0.6545454545454545,0.125
20.2,0.6545454545454545,0.125
20.233333333333334,0.7272727272727273,0.125
20.266666666666666,0.7272727272727273,0.125
20.3,0.7272727272727273,0.2222222222222222
20.333333333333332,0.35454545454545455,0.4444444444444444
20.366666666666667,0.35454545454545455,0.4444444444444444
20.4,0.20909090909090908,0.4027777777777778
20.433333333333334,0.20909090909090908,0.5972222222222222
20.466666666666665,0.2,0.5972222222222222
20.5,0.12727272727272726,0.08333333333333333
20.533333333333335,0.12727272727272726,0.06944444444444445
20.566666666666666,0.05454545454545454,0.18055555555555555
20.6,0.05454545454545454,0.18055555555555555
20.633333333333333,0.21818181818181817,0.1527777777777778
20.666666666666668,0.21818181818181817,0.1527777777777778
20.7,0.21818181818181817,0.1111111111111111
20.733333333333334,0.4,0.1111111111111111
20.766666666666666,0.37272727272727274,0.5
20.8,0.37272727272727274,0.5
20.833333333333332,0.37272727272727274,0.08333333333333333
20.866666666666667,0.38181818181818183,0.1388888888888889
20.9,0.38181818181818183,0.18055555555555555
20.933333333333334,0.12727272727272726,0.18055555555555555
20.966666666666665,0.12727272727272726,0.2222222222222222
21.0,0.06363636363636363,0.20833333333333334
21.033333333333335,0.20909090909090908,0.20833333333333334
21.066666666666666,0.20909090909090908,0.20833333333333334
21.1,0.20909090909090908,0.3333333333333333
21.133333333333333,0.41818181818181815,0.3333333333333333
21.166666666666668,0.41818181818181815,0.19444444444444445
21.2,0.03636363636363636,0.19444444444444445
21.233333333333334,0.03636363636363636,0.08333333333333333
21.266666666666666,0.15454545454545454,0.08333333333333333
21.3,0.2545454545454545,0.20833333333333334
21.333333333333332,0.2545454545454545,0.20833333333333334
21.366666666666667,0.2545454545454545,0.1111111111111111
21.4,0.12727272727272726,0.1111111111111111
21.433333333333334,0.12727272727272726,0.1388888888888889
21.466666666666665,0.23636363636363636,0.1388888888888889
21.5,0.23636363636363636,0.09722222222222222
21.533333333333335,0.3090909090909091,0.013888888888888888
21.566666666666666,0.3090909090909091,0.013888888888888888
21.6,13.7,0.06944444444444445
21.633333333333333,13.7,60.44444444444444
21.666666666666668,0.19090909090909092,60.44444444444444
21.7,0.19090909090909092,0.125
21.733333333333334,0.5545454545454546,0.125
21.766666666666666,0.41818181818181815,0.1527777777777778
21.8,0.41818181818181815,0.125
21.833333333333332,0.2636363636363636,0.2361111111111111
21.866666666666667,0.2636363636363636,0.2361111111111111
21.9,0.2636363636363636,0.06944444444444445
21.933333333333334,0.6727272727272727,0.06944444444444445
21.966666666666665,0.6727272727272727,0.027777777777777776
22.0,0.41818181818181815,0.027777777777777776
22.033333333333335,0.41818181818181815,0.027777777777777776
22.066666666666666,0.4,0.027777777777777776
22.1,0.4,0.125
22.133333333333333,0.509090909090909,0.125
22.166666666666668,0.509090909090909,0.05555555555555555
22.2,0.36363636363636365,0.05555555555555555
22.233333333333334,0.36363636363636365,0.06944444444444445
22.266666666666666,0.45454545454545453,0.06944444444444445
22.3,0.45454545454545453,0.20833333333333334
22.333333333333332,0.8090909090909091,0.20833333333333334
22.366666666666667,0.8363636363636363,0.1527777777777778
22.4,0.33636363636363636,0.1527777777777778
22.433333333333334,0.35454545454545455,0.2916666666666667
22.466666666666665,0.35454545454545455,0.2916666666666667
22.5,0.5818181818181818,0.2916666666666667
22.533333333333335,0.5818181818181818,0.2916666666666667
22.566666666666666,0.1,0.19444444444444445
22.6,0.1,0.19444444444444445
22.633333333333333,0.1,0.3055555555555556
22.666666666666668,0.5727272727272728,0.3055555555555556
22.7,0.5727272727272728,0.125
22.733333333333334,0.4090909090909091,0.125
22.766666666666666,0.4090909090909091,0.20833333333333334
22.8,0.43636363636363634,0.20833333333333334
22.833333333333332,0.43636363636363634,0.125
22.866666666666667,0.23636363636363636,0.125
22.9,0.23636363636363636,0.1527777777777778
22.933333333333334,0.34545454545454546,0.1527777777777778
22.966666666666665,0.2,0.25
23.0,0.2,0.25
23.033333333333335,0.5454545454545454,0.1111111111111111
23.066666666666666,0.5454545454545454,0.1111111111111111
23.1,0.5454545454545454,0.2222222222222222
23.133333333333333,0.43636363636363634,0.2222222222222222
23.166666666666668,0.43636363636363634,0.09722222222222222
23.2,0.36363636363636365,0.09722222222222222
23.233333333333334,0.6363636363636364,0.3472222222222222
23.266666666666666,0.5272727272727272,0.3472222222222222
23.3,0.5,0.125
23.333333333333332,0.5,0.125
23.366666666666667,0.5,0.19444444444444445
23.4,0.33636363636363636,0.19444444444444445
23.433333333333334,0.33636363636363636,0.18055555555555555
23.466666666666665,0.5181818181818182,0.18055555555555555
23.5,0.5181818181818182,0.0
23.533333333333335,0.16363636363636364,0.5
23.566666666666666,0.16363636363636364,0.5
23.6,0.41818181818181815,0.375
23.633333333333333,0.41818181818181815,0.2916666666666667
23.666666666666668,0.4090909090909091,0.2916666666666667
23.7,0.5909090909090909,0.2361111111111111
23.733333333333334,0.5909090909090909,0.2361111111111111
23.766666666666666,0.2,0.20833333333333334
23.8,0.2,0.20833333333333334
23.833333333333332,0.4818181818181818,0.375
23.866666666666667,0.4818181818181818,0.375
23.9,0.4818181818181818,0.19444444444444445
23.933333333333334,0.5636363636363636,0.1388888888888889
23.966666666666665,0.5636363636363636,0.1388888888888889
24.0,0.5727272727272728,0.2777777777777778
24.033333333333335,0.5727272727272728,0.2777777777777778
24.066666666666666,0.5363636363636364,0.2777777777777778
24.1,0.5363636363636364,0.16666666666666666
24.133333333333333,0.6545454545454545,0.16666666666666666
24.166666666666668,0.41818181818181815,0.19444444444444445
24.2,0.41818181818181815,0.09722222222222222
24.233333333333334,0.5636363636363636,0.09722222222222222
24.266666666666666,0.5636363636363636,0.09722222222222222
24.3,0.5636363636363636,0.08333333333333333
24.333333333333332,0.44545454545454544,0.08333333333333333
24.366666666666667,0.37272727272727274,0.06944444444444445
24.4,0.37272727272727274,0.06944444444444445
24.433333333333334,0.37272727272727274,0.25
24.466666666666665,0.5363636363636364,0.25
24.5,0.5363636363636364,0.3055555555555556
24.533333333333335,0.45454545454545453,0.3055555555555556
24.566666666666666,0.45454545454545453,0.375
24.6,0.4090909090909091,0.2638888888888889
24.633333333333333,0.509090909090909,0.2638888888888889
24.666666666666668,0.509090909090909,0.20833333333333334
24.7,0.509090909090909,0.125
24.733333333333334,0.5363636363636364,0.125
24.766666666666666,0.3181818181818182,0.1388888888888889
24.8,0.32727272727272727,0.1388888888888889
24.833333333333332,0.6636363636363637,0.2777777777777778
24.866666666666667,0.6636363636363637,0.2777777777777778
24.9,0.4818181818181818,0.4444444444444444
24.933333333333334,0.4818181818181818,0.4444444444444444
24.966666666666665,0.37272727272727274,0.2361111111111111
25.0,0.5181818181818182,0.19444444444444445
25.033333333333335,0.5181818181818182,0.05555555555555555
25.066666666666666,1.0,0.1111111111111111
25.1,1.0,0.1111111111111111
25.133333333333333,0.5454545454545454,36.27777777777778
25.166666666666668,0.5454545454545454,36.27777777777778
25.2,87.54545454545455,36.27777777777778
25.233333333333334,87.54545454545455,0.125
25.266666666666666,0.5272727272727272,0.125
25.3,0.5272727272727272,0.19444444444444445
25.333333333333332,0.2727272727272727,0.19444444444444445
25.366666666666667,0.43636363636363634,0.05555555555555555
25.4,0.43636363636363634,0.05555555555555555
25.433333333333334,0.43636363636363634,0.19444444444444445
25.466666666666665,0.2545454545454545,0.19444444444444445
25.5,0.2545454545454545,0.08333333333333333
25.533333333333335,0.5272727272727272,0.08333333333333333
25.566666666666666,0.44545454545454544,0.1527777777777778
25.6,0.44545454545454544,0.1527777777777778
25.633333333333333,0.44545454545454544,0.2222222222222222
25.666666666666668,0.5272727272727272,0.2222222222222222
25.7,0.5272727272727272,0.4027777777777778
25.733333333333334,0.2909090909090909,0.4027777777777778
25.766666666666666,0.2909090909090909,0.20833333333333334
25.8,0.4,0.20833333333333334
25.833333333333332,0.4,0.3888888888888889
25.866666666666667,0.36363636363636365,0.3888888888888889
25.9,0.36363636363636365,0.041666666666666664
25.933333333333334,0.3181818181818182,0.041666666666666664
25.966666666666665,0.3181818181818182,0.3055555555555556
26.0,0.37272727272727274,0.3055555555555556
26.033333333333335,0.41818181818181815,0.18055555555555555
26.066666666666666,0.41818181818181815,0.18055555555555555
26.1,0.2545454545454545,0.2638888888888889
26.133333333333333,0.2545454545454545,0.2638888888888889
26.166666666666668,0.2545454545454545,0.2916666666666667
26.2,0.1,0.2916666666666667
26.233333333333334,0.1,0.3194444444444444
26.266666666666666,0.20909090909090908,0.375
26.3,0.20909090909090908,0.375
26.333333333333332,0.06363636363636363,0.3472222222222222
26.366666666666667,0.17272727272727273,0.4444444444444444
26.4,0.17272727272727273,0.4583333333333333
26.433333333333334,0.23636363636363636,0.4166666666666667
26.466666666666665,0.23636363636363636,0.4166666666666667
26.5,0.05454545454545454,0.7916666666666666
26.533333333333335,0.05454545454545454,0.7916666666666666
26.566666666666666,0.23636363636363636,0.8055555555555556
26.6,0.23636363636363636,0.8055555555555556
26.633333333333333,0.23636363636363636,0.3333333333333333
26.666666666666668,0.05454545454545454,0.3333333333333333
26.7,0.05454545454545454,0.4027777777777778
26.733333333333334,0.16363636363636364,0.4027777777777778
26.766666666666666,0.16363636363636364,0.2777777777777778
26.8,0.11818181818181818,0.16666666666666666
26.833333333333332,0.2,0.3055555555555556
26.866666666666667,0.39090909090909093,0.3055555555555556
26.9,0.15454545454545454,0.3333333333333333
26.933333333333334,0.15454545454545454,0.3333333333333333
26.966666666666665,0.13636363636363635,0.8888888888888888
27.0,0.13636363636363635,0.25
27.033333333333335,0.11818181818181818,0.25
27.066666666666666,0.11818181818181818,0.1388888888888889
27.1,0.11818181818181818,0.1388888888888889
27.133333333333333,0.16363636363636364,0.1388888888888889
27.166666666666668,0.19090909090909092,0.5
27.2,0.19090909090909092,0.5
27.233333333333334,0.17272727272727273,0.1527777777777778
27.266666666666666,0.17272727272727273,0.1527777777777778
27.3,0.23636363636363636,0.1388888888888889
27.333333333333332,0.23636363636363636,0.1388888888888889
27.366666666666667,0.5545454545454546,0.125
27.4,0.5545454545454546,0.2916666666666667
27.433333333333334,0.5545454545454546,0.2916666666666667
27.466666666666665,0.42727272727272725,0.2222222222222222
27.5,0.42727272727272725,0.2222222222222222
27.533333333333335,0.2545454545454545,0.20833333333333334
27.566666666666666,0.2545454545454545,0.09722222222222222
27.6,0.14545454545454545,0.09722222222222222
27.633333333333333,0.2,0.2638888888888889
27.666666666666668,0.2,0.2638888888888889
27.7,0.21818181818181817,0.19444444444444445
27.733333333333334,0.21818181818181817,0.19444444444444445
27.766666666666666,0.17272727272727273,0.3055555555555556
27.8,0.17272727272727273,0.3055555555555556
27.833333333333332,0.18181818181818182,0.0
27.866666666666667,0.18181818181818182,0.19444444444444445
27.9,0.23636363636363636,0.19444444444444445
27.933333333333334,0.23636363636363636,0.19444444444444445
27.966666666666665,0.23636363636363636,0.6944444444444444
28.0,0.24545454545454545,0.6944444444444444
28.033333333333335,0.35454545454545455,0.3333333333333333
28.066666666666666,0.2909090909090909,0.3611111111111111
28.1,0.08181818181818182,0.3611111111111111
28.133333333333333,0.08181818181818182,0.1527777777777778
28.166666666666668,0.3181818181818182,0.1527777777777778
28.2,0.3181818181818182,0.1111111111111111
28.233333333333334,0.3181818181818182,0.2916666666666667
28.266666666666666,0.13636363636363635,0.2916666666666667
28.3,17.318181818181817,59.861111111111114
28.333333333333332,17.318181818181817,59.861111111111114
28.366666666666667,0.15454545454545454,0.18055555555555555
28.4,0.15454545454545454,0.18055555555555555
28.433333333333334,0.18181818181818182,0.16666666666666666
28.466666666666665,0.18181818181818182,0.16666666666666666
28.5,0.18181818181818182,0.2361111111111111
28.533333333333335,0.23636363636363636,0.2777777777777778
28.566666666666666,0.13636363636363635,0.2777777777777778
28.6,0.13636363636363635,0.09722222222222222
28.633333333333333,0.13636363636363635,0.09722222222222222
28.666666666666668,0.2909090909090909,0.1527777777777778
28.7,0.44545454545454544,0.1527777777777778
28.733333333333334,0.44545454545454544,0.1527777777777778
28.766666666666666,0.44545454545454544,0.19444444444444445
28.8,0.44545454545454544,0.19444444444444445
28.833333333333332,0.4909090909090909,0.25
28.866666666666667,0.4909090909090909,0.25
28.9,0.23636363636363636,0.027777777777777776
28.933333333333334,0.23636363636363636,0.027777777777777776
28.966666666666665,0.6818181818181818,0.1111111111111111
29.0,0.6818181818181818,0.1111111111111111
29.033333333333335,0.6818181818181818,0.1111111111111111
29.066666666666666,0.7,0.3194444444444444
29.1,0.7727272727272727,0.3194444444444444
29.133333333333333,0.6818181818181818,0.2222222222222222
29.166666666666668,0.5,0.2222222222222222
29.2,0.5636363636363636,0.2222222222222222
29.233333333333334,0.4818181818181818,0.18055555555555555
29.266666666666666,0.4818181818181818,0.125
29.3,0.4727272727272727,0.3333333333333333
29.333333333333332,0.4727272727272727,0.3333333333333333
29.366666666666667,0.37272727272727274,0.08333333333333333
29.4,0.37272727272727274,0.08333333333333333
29.433333333333334,0.34545454545454546,0.08333333333333333
29.466666666666665,0.34545454545454546,0.3611111111111111
29.5,0.34545454545454546,0.3611111111111111
29.533333333333335,0.4636363636363636,0.3194444444444444
29.566666666666666,0.4636363636363636,0.1527777777777778
29.6,0.3181818181818182,0.3194444444444444
29.633333333333333,0.41818181818181815,0.3194444444444444
29.666666666666668,0.41818181818181815,0.3194444444444444
29.7,0.6181818181818182,0.08333333333333333
29.733333333333334,0.6181818181818182,0.08333333333333333
29.766666666666666,0.2636363636363636,0.3055555555555556
29.8,0.2636363636363636,0.3055555555555556
29.833333333333332,0.45454545454545453,0.09722222222222222
29.866666666666667,0.45454545454545453,0.4027777777777778
29.9,0.5181818181818182,0.4166666666666667
29.933333333333334,0.5181818181818182,0.4027777777777778
29.966666666666665,0.5181818181818182,0.0
30.0,0.36363636363636365,0.1527777777777778
30.033333333333335,0.7363636363636363,0.1527777777777778
30.066666666666666,0.7363636363636363,0.25
30.1,0.5818181818181818,0.25
30.133333333333333,0.5818181818181818,0.06944444444444445
30.166666666666668,0.4727272727272727,0.06944444444444445
30.2,0.4727272727272727,0.1388888888888889
30.233333333333334,0.4727272727272727,0.1388888888888889
30.266666666666666,0.32727272727272727,0.1388888888888889
30.3,0.34545454545454546,0.1388888888888889
30.333333333333332,0.34545454545454546,0.1388888888888889
30.366666666666667,0.4727272727272727,0.2222222222222222
30.4,0.36363636363636365,0.2222222222222222
30.433333333333334,0.4090909090909091,0.18055555555555555
30.466666666666665,0.4090909090909091,0.18055555555555555
30.5,0.5727272727272728,0.16666666666666666
30.533333333333335,0.5727272727272728,0.19444444444444445
30.566666666666666,0.6363636363636364,0.19444444444444445
30.6,0.6363636363636364,0.4166666666666667
30.633333333333333,0.6363636363636364,0.4166666666666667
30.666666666666668,0.44545454545454544,0.2638888888888889
30.7,0.5,0.2638888888888889
30.733333333333334,0.37272727272727274,0.16666666666666666
30.766666666666666,0.509090909090909,0.2777777777777778
30.8,0.509090909090909,0.06944444444444445
30.833333333333332,0.5363636363636364,0.06944444444444445
30.866666666666667,0.5363636363636364,0.2361111111111111
30.9,0.5,0.2361111111111111
30.933333333333334,0.5,0.2361111111111111
30.966666666666665,0.39090909090909093,0.19444444444444445
31.0,0.39090909090909093,0.19444444444444445
31.033333333333335,0.8454545454545455,0.4722222222222222
31.066666666666666,0.8454545454545455,0.4722222222222222
31.1,0.6909090909090909,0.2916666666666667
31.133333333333333,0.6909090909090909,0.2916666666666667
31.166666666666668,0.13636363636363635,0.0
31.2,0.13636363636363635,0.0
31.233333333333334,0.19090909090909092,0.125
31.266666666666666,0.19090909090909092,0.2361111111111111
31.3,0.19090909090909092,0.2361111111111111
31.333333333333332,0.19090909090909092,0.2361111111111111
31.366666666666667,0.5909090909090909,0.1388888888888889
31.4,0.5909090909090909,0.19444444444444445
31.433333333333334,0.5909090909090909,0.19444444444444445
31.466666666666665,0.18181818181818182,0.19444444444444445
31.5,0.14545454545454545,0.16666666666666666
31.533333333333335,0.14545454545454545,0.16666666666666666
31.566666666666666,0.02727272727272727,0.3888888888888889
31.6,0.02727272727272727,0.3888888888888889
31.633333333333333,0.19090909090909092,0.25
31.666666666666668,0.19090909090909092,0.25
31.7,0.4,0.3333333333333333
31.733333333333334,0.4,0.3333333333333333
31.766666666666666,87.28181818181818,39.138888888888886
31.8,87.28181818181818,39.138888888888886
31.833333333333332,87.28181818181818,0.20833333333333334
31.866666666666667,87.28181818181818,0.20833333333333334
31.9,0.4636363636363636,0.18055555555555555
31.933333333333334,0.509090909090909,0.18055555555555555
31.966666666666665,0.41818181818181815,0.041666666666666664
32.0,0.41818181818181815,0.041666666666666664
32.03333333333333,0.33636363636363636,0.2361111111111111
32.06666666666667,0.33636363636363636,0.2361111111111111
32.1,0.34545454545454546,0.19444444444444445
32.13333333333333,0.34545454545454546,0.19444444444444445
32.166666666666664,0.37272727272727274,0.3333333333333333
32.2,0.37272727272727274,0.3333333333333333
32.233333333333334,0.23636363636363636,0.05555555555555555
32.266666666666666,0.23636363636363636,0.05555555555555555
32.3,0.6181818181818182,0.1111111111111111
32.333333333333336,0.6181818181818182,0.1111111111111111
32.36666666666667,0.37272727272727274,0.16666666666666666
32.4,0.37272727272727274,0.16666666666666666
32.43333333333333,0.2636363636363636,0.2777777777777778
32.46666666666667,0.2636363636363636,0.2777777777777778
32.5,0.6818181818181818,0.25
32.53333333333333,0.6818181818181818,0.25
32.56666666666667,0.5,0.4027777777777778
32.6,0.5,0.4027777777777778
32.63333333333333,0.5,0.125
32.666666666666664,0.7090909090909091,0.125
32.7,0.509090909090909,0.3888888888888889
32.733333333333334,0.509090909090909,0.3611111111111111
32.766666666666666,0.6454545454545455,0.2777777777777778
32.8,0.6454545454545455,0.2777777777777778
32.833333333333336,0.6,0.19444444444444445
32.86666666666667,0.6,0.19444444444444445
32.9,0.3,0.20833333333333334
32.93333333333333,0.3,0.20833333333333334
32.96666666666667,0.3090909090909091,0.5
33.0,0.3090909090909091,0.5
33.03333333333333,0.3090909090909091,0.20833333333333334
33.06666666666667,0.3181818181818182,0.20833333333333334
33.1,0.3181818181818182,0.25
33.13333333333333,0.6454545454545455,0.25
33.166666666666664,0.6454545454545455,0.3055555555555556
33.2,0.12727272727272726,0.3194444444444444
33.233333333333334,0.12727272727272726,0.2222222222222222
33.266666666666666,0.2636363636363636,0.2222222222222222
33.3,0.2636363636363636,0.2638888888888889
33.333333333333336,0.23636363636363636,0.2916666666666667
33.36666666666667,0.23636363636363636,0.2916666666666667
33.4,0.0,0.05555555555555555
33.43333333333333,0.0,0.3611111111111111
33.46666666666667,0.15454545454545454,0.3611111111111111
33.5,0.15454545454545454,0.16666666666666666
33.53333333333333,0.05454545454545454,0.16666666666666666
33.56666666666667,0.05454545454545454,0.4305555555555556
33.6,0.08181818181818182,0.4305555555555556
33.63333333333333,0.08181818181818182,0.1111111111111111
33.666666666666664,0.0,0.1111111111111111
33.7,0.0,0.3055555555555556
33.733333333333334,0.22727272727272727,0.3055555555555556
33.766666666666666,0.22727272727272727,0.16666666666666666
33.8,0.6363636363636364,0.16666666666666666
33.833333333333336,0.6363636363636364,0.16666666666666666
33.86666666666667,0.13636363636363635,0.16666666666666666
33.9,0.13636363636363635,0.20833333333333334
33.93333333333333,0.13636363636363635,0.20833333333333334
33.96666666666667,0.2545454545454545,0.2777777777777778
34.0,0.2545454545454545,0.2777777777777778
34.03333333333333,0.24545454545454545,0.125
34.06666666666667,0.3090909090909091,0.125
34.1,0.2818181818181818,0.2361111111111111
34.13333333333333,0.2818181818181818,0.2361111111111111
34.166666666666664,0.17272727272727273,0.16666666666666666
34.2,0.17272727272727273,0.16666666666666666
34.233333333333334,0.17272727272727273,0.09722222222222222
34.266666666666666,0.4636363636363636,0.09722222222222222
34.3,0.4636363636363636,0.1111111111111111
34.333333333333336,0.2727272727272727,0.1111111111111111
34.36666666666667,0.2727272727272727,0.25
34.4,0.3181818181818182,0.25
34.43333333333333,0.3181818181818182,0.1388888888888889
34.46666666666667,0.4727272727272727,0.1388888888888889
34.5,0.24545454545454545,0.3472222222222222
34.53333333333333,0.24545454545454545,0.3472222222222222
34.56666666666667,0.4,0.1527777777777778
34.6,0.4,0.16666666666666666
34.63333333333333,0.4,0.2638888888888889
34.666666666666664,0.34545454545454546,0.2638888888888889
34.7,0.34545454545454546,0.3055555555555556
34.733333333333334,17.336363636363636,0.3055555555555556
34.766666666666666,17.336363636363636,62.236111111111114
34.8,0.17272727272727273,62.236111111111114
34.833333333333336,0.17272727272727273,0.2777777777777778
34.86666666666667,0.15454545454545454,0.2777777777777778
34.9,0.15454545454545454,0.16666666666666666
34.93333333333333,0.2545454545454545,0.16666666666666666
34.96666666666667,0.2545454545454545,0.1388888888888889
35.0,0.2,0.1388888888888889
35.03333333333333,0.2,0.4861111111111111
35.06666666666667,0.19090909090909092,0.4861111111111111
35.1,0.19090909090909092,0.2916666666666667
35.13333333333333,0.43636363636363634,0.2916666666666667
35.166666666666664,0.43636363636363634,0.19444444444444445
35.2,0.2545454545454545,0.19444444444444445
35.233333333333334,0.2545454545454545,0.18055555555555555
35.266666666666666,0.10909090909090909,0.18055555555555555
35.3,0.23636363636363636,0.20833333333333334
35.333333333333336,0.23636363636363636,0.20833333333333334
35.36666666666667,0.23636363636363636,66.34722222222223
35.4,18.545454545454547,66.34722222222223
35.43333333333333,18.545454545454547,0.19444444444444445
35.46666666666667,0.11818181818181818,0.19444444444444445
35.5,0.11818181818181818,0.2638888888888889
35.53333333333333,0.17272727272727273,0.2638888888888889
35.56666666666667,0.17272727272727273,0.08333333333333333
35.6,0.1,0.08333333333333333
35.63333333333333,0.1,0.4444444444444444
35.666666666666664,0.17272727272727273,0.4444444444444444
35.7,0.17272727272727273,0.05555555555555555
35.733333333333334,0.32727272727272727,0.05555555555555555
35.766666666666666,0.08181818181818182,0.1388888888888889
35.8,0.08181818181818182,0.1388888888888889
35.833333333333336,0.08181818181818182,0.2777777777777778
35.86666666666667,0.2818181818181818,0.2777777777777778
35.9,0.2818181818181818,0.20833333333333334
35.93333333333333,0.16363636363636364,0.20833333333333334
35.96666666666667,0.16363636363636364,0.4166666666666667
36.0,0.1,66.0
36.03333333333333,0.1,66.0
36.06666666666667,18.4,66.0
36.1,18.4,0.16666666666666666
36.13333333333333,0.13636363636363635,0.16666666666666666
36.166666666666664,0.6545454545454545,0.0
36.2,0.6545454545454545,0.0
36.233333333333334,0.6545454545454545,0.18055555555555555
36.266666666666666,0.4090909090909091,0.18055555555555555
36.3,0.4090909090909091,0.3055555555555556
36.333333333333336,0.12727272727272726,0.3055555555555556
36.36666666666667,0.12727272727272726,0.1388888888888889
36.4,0.22727272727272727,0.1388888888888889
36.43333333333333,0.22727272727272727,0.2638888888888889
36.46666666666667,0.11818181818181818,0.2638888888888889
36.5,0.11818181818181818,0.2361111111111111
36.53333333333333,0.1,0.18055555555555555
36.56666666666667,0.1,0.2361111111111111
36.6,0.3,0.2361111111111111
36.63333333333333,0.3,0.1388888888888889
36.666666666666664,0.15454545454545454,0.1388888888888889
36.7,0.15454545454545454,0.18055555555555555
36.733333333333334,0.20909090909090908,0.18055555555555555
36.766666666666666,0.20909090909090908,0.1388888888888889
36.8,0.45454545454545453,0.1388888888888889
36.833333333333336,0.0,0.2916666666666667
36.86666666666667,0.0,0.2916666666666667
36.9,0.5363636363636364,0.3055555555555556
36.93333333333333,0.5363636363636364,0.3055555555555556
36.96666666666667,0.5363636363636364,0.09722222222222222
37.0,0.2818181818181818,0.09722222222222222
37.03333333333333,0.2818181818181818,0.0
37.06666666666667,0.4090909090909091,0.4583333333333333
37.1,0.4090909090909091,0.4583333333333333
37.13333333333333,0.34545454545454546,0.4583333333333333
37.166666666666664,0.34545454545454546,0.20833333333333334
37.2,0.3,0.20833333333333334
37.233333333333334,0.3,0.08333333333333333
37.266666666666666,0.36363636363636365,0.08333333333333333
37.3,0.36363636363636365,0.4027777777777778
37.333333333333336,0.44545454545454544,0.4027777777777778
37.36666666666667,0.08181818181818182,0.25
37.4,0.08181818181818182,0.25
37.43333333333333,0.08181818181818182,0.3611111111111111
37.46666666666667,0.32727272727272727,0.3611111111111111
37.5,0.32727272727272727,0.1527777777777778
37.53333333333333,0.14545454545454545,0.1527777777777778
37.56666666666667,0.14545454545454545,0.25
37.6,0.20909090909090908,0.25
37.63333333333333,0.20909090909090908,0.08333333333333333
37.666666666666664,0.07272727272727272,0.08333333333333333
37.7,0.07272727272727272,0.19444444444444445
37.733333333333334,0.13636363636363635,0.19444444444444445
37.766666666666666,0.13636363636363635,0.09722222222222222
37.8,0.00909090909090909,0.09722222222222222
37.833333333333336,0.00909090909090909,0.3333333333333333
37.86666666666667,0.12727272727272726,0.3333333333333333
37.9,0.12727272727272726,0.20833333333333334
37.93333333333333,0.05454545454545454,0.20833333333333334
37.96666666666667,0.05454545454545454,0.19444444444444445
38.0,0.16363636363636364,0.19444444444444445
38.03333333333333,0.06363636363636363,0.3472222222222222
38.06666666666667,0.06363636363636363,0.3472222222222222
38.1,0.2727272727272727,0.3333333333333333
38.13333333333333,0.2727272727272727,0.3333333333333333
38.166666666666664,0.2727272727272727,0.20833333333333334
38.2,0.01818181818181818,0.20833333333333334
38.233333333333334,0.01818181818181818,0.19444444444444445
38.266666666666666,0.32727272727272727,0.19444444444444445
38.3,0.32727272727272727,0.2777777777777778
38.333333333333336,0.3181818181818182,0.2777777777777778
38.36666666666667,0.3181818181818182,0.3194444444444444
38.4,0.19090909090909092,0.3194444444444444
38.43333333333333,0.19090909090909092,0.1388888888888889
38.46666666666667,0.3181818181818182,0.1388888888888889
38.5,0.3181818181818182,0.2777777777777778
38.53333333333333,0.6545454545454545,0.2777777777777778
38.56666666666667,0.6545454545454545,0.041666666666666664
38.6,0.2727272727272727,0.041666666666666664
38.63333333333333,0.2727272727272727,0.2777777777777778
38.666666666666664,0.5636363636363636,0.2777777777777778
38.7,0.5636363636363636,0.5277777777777778
38.733333333333334,0.3,0.5277777777777778
38.766666666666666,0.3,0.20833333333333334
38.8,0.5272727272727272,0.20833333333333334
38.833333333333336,0.5272727272727272,0.2361111111111111
38.86666666666667,0.4090909090909091,0.2361111111111111
38.9,0.4090909090909091,0.1388888888888889
38.93333333333333,0.8272727272727273,0.1388888888888889
38.96666666666667,0.8272727272727273,0.3055555555555556
39.0,0.5909090909090909,0.3055555555555556
39.03333333333333,0.5909090909090909,0.1111111111111111
39.06666666666667,0.6636363636363637,0.1111111111111111
39.1,0.6636363636363637,0.3472222222222222
39.13333333333333,0.36363636363636365,0.3472222222222222
39.166666666666664,0.36363636363636365,0.3472222222222222
39.2,0.45454545454545453,0.3472222222222222
39.233333333333334,0.45454545454545453,0.041666666666666664
39.266666666666666,0.45454545454545453,0.041666666666666664
39.3,0.5818181818181818,0.18055555555555555
39.333333333333336,0.5818181818181818,0.18055555555555555
39.36666666666667,0.5818181818181818,0.20833333333333334
39.4,0.5454545454545454,0.1111111111111111
39.43333333333333,0.5454545454545454,0.18055555555555555
39.46666666666667,0.23636363636363636,0.18055555555555555
39.5,0.23636363636363636,0.20833333333333334
39.53333333333333,0.11818181818181818,0.20833333333333334
39.56666666666667,0.11818181818181818,0.05555555555555555
39.6,0.20909090909090908,0.05555555555555555
39.63333333333333,0.20909090909090908,0.20833333333333334
39.666666666666664,0.18181818181818182,0.20833333333333334
39.7,0.44545454545454544,0.3888888888888889
39.733333333333334,0.44545454545454544,0.3888888888888889
39.766666666666666,0.44545454545454544,0.19444444444444445
39.8,0.2,0.19444444444444445
39.833333333333336,0.2,0.2638888888888889
39.86666666666667,0.16363636363636364,0.2638888888888889
39.9,0.16363636363636364,0.3611111111111111
39.93333333333333,0.2545454545454545,0.3611111111111111
39.96666666666667,0.2545454545454545,0.5
40.0,0.3,0.5
40.03333333333333,0.3,0.18055555555555555
40.06666666666667,0.39090909090909093,0.18055555555555555
40.1,0.39090909090909093,0.1111111111111111
40.13333333333333,0.18181818181818182,0.1111111111111111
40.166666666666664,0.18181818181818182,0.2361111111111111
40.2,0.22727272727272727,0.2361111111111111
40.233333333333334,0.22727272727272727,0.125
40.266666666666666,0.7454545454545455,0.125
40.3,0.7454545454545455,0.2777777777777778
40.333333333333336,0.5272727272727272,0.2777777777777778
40.36666666666667,0.5272727272727272,0.3055555555555556
40.4,0.12727272727272726,0.3055555555555556
40.43333333333333,83.98181818181818,0.3472222222222222
40.46666666666667,83.98181818181818,0.3472222222222222
40.5,0.23636363636363636,36.30555555555556
40.53333333333333,0.23636363636363636,36.30555555555556
40.56666666666667,0.23636363636363636,0.19444444444444445
40.6,0.34545454545454546,0.19444444444444445
40.63333333333333,0.34545454545454546,0.2222222222222222
40.666666666666664,0.3090909090909091,0.2222222222222222
40.7,0.3090909090909091,0.2916666666666667
40.733333333333334,0.24545454545454545,0.2916666666666667
40.766666666666666,0.24545454545454545,0.08333333333333333
40.8,0.19090909090909092,0.08333333333333333
40.833333333333336,0.19090909090909092,0.05555555555555555
40.86666666666667,0.2545454545454545,0.05555555555555555
40.9,0.2545454545454545,0.16666666666666666
40.93333333333333,0.5454545454545454,0.16666666666666666
40.96666666666667,0.5454545454545454,0.2638888888888889
41.0,0.33636363636363636,0.2638888888888889
41.03333333333333,0.33636363636363636,0.4166666666666667
41.06666666666667,0.2,0.4166666666666667
41.1,0.2,0.1111111111111111
41.13333333333333,0.09090909090909091,0.1111111111111111
41.166666666666664,0.09090909090909091,0.25
41.2,0.22727272727272727,0.25
41.233333333333334,0.22727272727272727,0.1111111111111111
41.266666666666666,0.09090909090909091,0.1111111111111111
41.3,0.1,0.5
41.333333333333336,0.2,0.5
41.36666666666667,0.2,0.125
41.4,0.1,0.125
41.43333333333333,0.1,0.3194444444444444
41.46666666666667,0.21818181818181817,0.3194444444444444
41.5,0.21818181818181817,0.05555555555555555
41.53333333333333,0.12727272727272726,0.05555555555555555
41.56666666666667,0.12727272727272726,0.4166666666666667
41.6,0.4,0.4166666666666667
41.63333333333333,0.06363636363636363,0.3611111111111111
41.666666666666664,0.1,0.3194444444444444
41.7,0.1,0.05555555555555555
41.733333333333334,0.0,0.05555555555555555
41.766666666666666,0.0,0.1527777777777778
41.8,0.2636363636363636,0.1527777777777778
41.833333333333336,0.2636363636363636,0.20833333333333334
41.86666666666667,0.0,0.20833333333333334
41.9,0.0,0.125
41.93333333333333,0.39090909090909093,0.125
41.96666666666667,0.39090909090909093,0.18055555555555555
42.0,0.5727272727272728,0.1388888888888889
42.03333333333333,0.5727272727272728,0.1111111111111111
42.06666666666667,0.08181818181818182,0.1111111111111111
42.1,0.0,0.125
42.13333333333333,0.0,0.125
42.166666666666664,0.0,0.3194444444444444
42.2,0.8181818181818182,0.2777777777777778
42.233333333333334,0.8181818181818182,0.3611111111111111
42.266666666666666,0.23636363636363636,0.3611111111111111
42.3,0.23636363636363636,0.2916666666666667
42.333333333333336,0.21818181818181817,0.2916666666666667
42.36666666666667,0.21818181818181817,0.06944444444444445
42.4,0.17272727272727273,0.06944444444444445
42.43333333333333,0.17272727272727273,0.3194444444444444
42.46666666666667,0.11818181818181818,0.3194444444444444
42.5,0.11818181818181818,0.05555555555555555
42.53333333333333,0.15454545454545454,0.05555555555555555
42.56666666666667,0.15454545454545454,0.20833333333333334
42.6,0.5,0.20833333333333334
42.63333333333333,0.5,0.06944444444444445
42.666666666666664,0.1,0.06944444444444445
42.7,0.1,0.3472222222222222
42.733333333333334,0.03636363636363636,0.3472222222222222
42.766666666666666,0.03636363636363636,0.125
42.8,0.00909090909090909,0.125
42.833333333333336,0.00909090909090909,0.16666666666666666
42.86666666666667,0.39090909090909093,0.16666666666666666
42.9,0.39090909090909093,0.4166666666666667
42.93333333333333,0.14545454545454545,0.4166666666666667
42.96666666666667,0.14545454545454545,0.375
43.0,0.19090909090909092,0.375
43.03333333333333,0.0,0.2916666666666667
43.06666666666667,0.0,0.2916666666666667
43.1,0.0,0.3333333333333333
43.13333333333333,0.6454545454545455,0.3333333333333333
43.166666666666664,0.6454545454545455,0.2638888888888889
43.2,17.027272727272727,0.2638888888888889
43.233333333333334,17.027272727272727,61.486111111111114
43.266666666666666,0.2727272727272727,61.486111111111114
43.3,0.5727272727272728,0.1527777777777778
43.333333333333336,0.5727272727272728,0.1527777777777778
43.36666666666667,0.5727272727272728,0.18055555555555555
43.4,0.5454545454545454,0.18055555555555555
43.43333333333333,0.5454545454545454,0.4166666666666667
43.46666666666667,0.36363636363636365,0.4166666666666667
43.5,0.36363636363636365,0.08333333333333333
43.53333333333333,0.5636363636363636,0.08333333333333333
43.56666666666667,0.5636363636363636,0.20833333333333334
43.6,0.2636363636363636,0.20833333333333334
43.63333333333333,0.34545454545454546,0.1111111111111111
43.666666666666664,0.5636363636363636,0.1111111111111111
43.7,0.42727272727272725,0.3333333333333333
43.733333333333334,0.15454545454545454,0.3333333333333333
43.766666666666666,0.42727272727272725,0.05555555555555555
43.8,0.34545454545454546,0.05555555555555555
43.833333333333336,0.34545454545454546,66.02777777777777
43.86666666666667,18.445454545454545,66.02777777777777
43.9,18.445454545454545,0.25
43.93333333333333,0.34545454545454546,0.25
43.96666666666667,0.34545454545454546,0.1111111111111111
44.0,0.36363636363636365,0.1111111111111111
44.03333333333333,0.2818181818181818,0.18055555555555555
44.06666666666667,0.5363636363636364,0.18055555555555555
44.1,0.5363636363636364,0.05555555555555555
44.13333333333333,0.5636363636363636,0.05555555555555555
44.166666666666664,0.5636363636363636,0.125
44.2,0.5181818181818182,0.125
44.233333333333334,0.5181818181818182,0.18055555555555555
44.266666666666666,0.4727272727272727,0.18055555555555555
44.3,0.4727272727272727,0.06944444444444445
44.333333333333336,0.5727272727272728,0.06944444444444445
44.36666666666667,0.5727272727272728,0.08333333333333333
44.4,0.7636363636363637,0.08333333333333333
44.43333333333333,0.2818181818181818,0.2777777777777778
44.46666666666667,0.2818181818181818,0.2777777777777778
44.5,0.6272727272727273,0.9027777777777778
44.53333333333333,0.6272727272727273,0.5277777777777778
44.56666666666667,0.6272727272727273,0.4583333333333333
44.6,21.172727272727272,0.4583333333333333
44.63333333333333,21.172727272727272,68.54166666666667
44.666666666666664,0.4,68.54166666666667
44.7,0.4,0.3333333333333333
44.733333333333334,0.4090909090909091,0.3333333333333333
44.766666666666666,0.4090909090909091,0.1388888888888889
44.8,0.5818181818181818,0.1388888888888889
44.833333333333336,0.5818181818181818,0.2916666666666667
44.86666666666667,0.3181818181818182,0.2916666666666667
44.9,0.2727272727272727,0.20833333333333334
44.93333333333333,0.2727272727272727,0.20833333333333334
44.96666666666667,0.2727272727272727,0.041666666666666664
45.0,0.20909090909090908,0.4305555555555556
45.03333333333333,0.32727272727272727,0.4305555555555556
45.06666666666667,0.32727272727272727,0.4305555555555556
45.1,0.32727272727272727,0.2361111111111111
45.13333333333333,0.34545454545454546,0.2361111111111111
45.166666666666664,0.34545454545454546,0.25
45.2,0.36363636363636365,0.25
45.233333333333334,0.36363636363636365,0.125
45.266666666666666,0.3,0.125
45.3,0.3,0.05555555555555555
45.333333333333336,0.18181818181818182,0.05555555555555555
45.36666666666667,0.18181818181818182,0.1527777777777778
45.4,0.24545454545454545,0.1527777777777778
45.43333333333333,0.24545454545454545,48.416666666666664
45.46666666666667,54.93636363636364,48.416666666666664
45.5,54.93636363636364,0.3055555555555556
45.53333333333333,0.6909090909090909,0.3055555555555556
45.56666666666667,0.6909090909090909,0.3611111111111111
45.6,0.6272727272727273,0.3611111111111111
45.63333333333333,0.32727272727272727,0.2777777777777778
45.666666666666664,0.32727272727272727,0.2777777777777778
45.7,0.4090909090909091,0.09722222222222222
45.733333333333334,0.4090909090909091,0.09722222222222222
45.766666666666666,0.4090909090909091,0.2777777777777778
45.8,0.7454545454545455,0.2777777777777778
45.833333333333336,0.7454545454545455,0.18055555555555555
45.86666666666667,0.11818181818181818,0.18055555555555555
45.9,0.11818181818181818,0.2638888888888889
45.93333333333333,0.34545454545454546,0.2638888888888889
45.96666666666667,0.34545454545454546,0.2777777777777778
46.0,0.38181818181818183,0.2777777777777778
46.03333333333333,0.38181818181818183,0.3194444444444444
46.06666666666667,0.5181818181818182,0.3194444444444444
46.1,0.2818181818181818,0.06944444444444445
46.13333333333333,0.2818181818181818,0.06944444444444445
46.166666666666664,0.2818181818181818,0.1388888888888889
46.2,0.3090909090909091,0.1388888888888889
46.233333333333334,0.3090909090909091,0.25
46.266666666666666,0.44545454545454544,0.25
46.3,0.44545454545454544,0.2361111111111111
46.333333333333336,0.45454545454545453,0.2361111111111111
46.36666666666667,0.45454545454545453,0.2222222222222222
46.4,0.38181818181818183,0.2222222222222222
46.43333333333333,0.38181818181818183,0.16666666666666666
46.46666666666667,0.6545454545454545,0.16666666666666666
46.5,0.6545454545454545,0.20833333333333334
46.53333333333333,0.2909090909090909,0.20833333333333334
46.56666666666667,0.2909090909090909,0.027777777777777776
46.6,0.6272727272727273,0.3055555555555556
46.63333333333333,0.6272727272727273,0.3472222222222222
46.666666666666664,0.2818181818181818,0.3472222222222222
46.7,0.2818181818181818,0.1527777777777778
46.733333333333334,0.32727272727272727,0.1527777777777778
46.766666666666666,0.32727272727272727,0.16666666666666666
46.8,0.4909090909090909,0.16666666666666666
46.833333333333336,0.32727272727272727,0.06944444444444445
46.86666666666667,0.32727272727272727,0.06944444444444445
46.9,0.2545454545454545,0.19444444444444445
46.93333333333333,0.2545454545454545,0.19444444444444445
46.96666666666667,0.2545454545454545,0.05555555555555555
47.0,0.44545454545454544,0.05555555555555555
47.03333333333333,0.3181818181818182,0.3055555555555556
47.06666666666667,0.3181818181818182,0.3055555555555556
47.1,0.3181818181818182,0.2222222222222222
47.13333333333333,0.39090909090909093,0.2222222222222222
47.166666666666664,0.39090909090909093,0.3194444444444444
47.2,0.5363636363636364,0.3194444444444444
47.233333333333334,0.5363636363636364,0.25
47.266666666666666,0.41818181818181815,0.25
47.3,0.41818181818181815,0.08333333333333333
47.333333333333336,0.2727272727272727,0.08333333333333333
47.36666666666667,0.2727272727272727,0.1527777777777778
47.4,0.3181818181818182,0.1527777777777778
47.43333333333333,0.3181818181818182,0.1111111111111111
47.46666666666667,0.5545454545454546,0.1111111111111111
47.5,0.5545454545454546,0.2361111111111111
47.53333333333333,0.7727272727272727,0.2361111111111111
47.56666666666667,0.15454545454545454,0.05555555555555555
47.6,0.15454545454545454,0.05555555555555555
47.63333333333333,0.15454545454545454,0.125
47.666666666666664,0.33636363636363636,0.125
47.7,0.33636363636363636,0.2777777777777778
47.733333333333334,0.11818181818181818,0.2777777777777778
47.766666666666666,0.11818181818181818,0.1111111111111111
47.8,0.37272727272727274,0.20833333333333334
47.833333333333336,0.37272727272727274,0.20833333333333334
47.86666666666667,0.21818181818181817,0.20833333333333334
47.9,0.18181818181818182,0.2916666666666667
47.93333333333333,0.18181818181818182,0.2916666666666667
47.96666666666667,0.13636363636363635,0.05555555555555555
48.0,0.13636363636363635,0.05555555555555555
48.03333333333333,0.18181818181818182,0.25
48.06666666666667,0.18181818181818182,0.25
48.1,0.23636363636363636,0.16666666666666666
48.13333333333333,0.23636363636363636,0.16666666666666666
48.166666666666664,0.23636363636363636,0.3194444444444444
48.2,0.35454545454545455,0.3194444444444444
48.233333333333334,0.35454545454545455,0.1111111111111111
48.266666666666666,0.43636363636363634,0.1111111111111111
48.3,0.43636363636363634,0.16666666666666666
48.333333333333336,0.44545454545454544,0.16666666666666666
48.36666666666667,0.44545454545454544,0.2638888888888889
48.4,0.5181818181818182,0.2638888888888889
48.43333333333333,0.5181818181818182,0.027777777777777776
48.46666666666667,0.5727272727272728,0.1527777777777778
48.5,0.3090909090909091,0.1527777777777778
48.53333333333333,0.3090909090909091,0.1527777777777778
48.56666666666667,0.3090909090909091,0.3333333333333333
48.6,0.34545454545454546,0.3333333333333333
48.63333333333333,0.34545454545454546,0.1111111111111111
48.666666666666664,0.6363636363636364,0.1111111111111111
48.7,0.6363636363636364,0.1388888888888889
48.733333333333334,0.6727272727272727,0.1388888888888889
48.766666666666666,0.44545454545454544,0.5694444444444444
48.8,0.44545454545454544,0.5694444444444444
48.833333333333336,0.44545454545454544,0.2916666666666667
48.86666666666667,0.41818181818181815,0.2916666666666667
48.9,0.41818181818181815,0.18055555555555555
48.93333333333333,0.34545454545454546,0.18055555555555555
48.96666666666667,0.34545454545454546,0.041666666666666664
49.0,0.44545454545454544,0.3055555555555556
49.03333333333333,0.44545454545454544,0.3055555555555556
49.06666666666667,0.17272727272727273,0.3055555555555556
49.1,0.45454545454545453,0.25
49.13333333333333,0.45454545454545453,0.25
49.166666666666664,0.2636363636363636,0.1527777777777778
49.2,0.2636363636363636,0.1527777777777778
49.233333333333334,0.5545454545454546,0.2222222222222222
49.266666666666666,0.5545454545454546,0.2222222222222222
49.3,0.5545454545454546,0.05555555555555555
49.333333333333336,0.38181818181818183,0.4444444444444444
49.36666666666667,0.38181818181818183,0.4444444444444444
49.4,0.5727272727272728,0.1111111111111111
49.43333333333333,0.5727272727272728,0.1111111111111111
49.46666666666667,0.4818181818181818,0.1111111111111111
49.5,0.5,0.2361111111111111
49.53333333333333,0.43636363636363634,0.2361111111111111
49.56666666666667,0.23636363636363636,0.1527777777777778
49.6,0.23636363636363636,0.1527777777777778
49.63333333333333,0.6545454545454545,0.1388888888888889
49.666666666666664,0.6545454545454545,0.1388888888888889
49.7,0.5363636363636364,0.2638888888888889
49.733333333333334,0.5363636363636364,0.2638888888888889
49.766666666666666,0.5363636363636364,0.1111111111111111
49.8,0.5363636363636364,0.2222222222222222
49.833333333333336,0.5363636363636364,0.2222222222222222
49.86666666666667,0.14545454545454545,0.2222222222222222
49.9,0.14545454545454545,0.3333333333333333
49.93333333333333,0.34545454545454546,0.3333333333333333
49.96666666666667,0.34545454545454546,0.19444444444444445
50.0,0.7,0.2361111111111111
50.03333333333333,0.42727272727272725,0.2361111111111111
50.06666666666667,0.42727272727272725,0.4027777777777778
50.1,0.6363636363636364,0.4027777777777778
50.13333333333333,0.6363636363636364,0.4027777777777778
50.166666666666664,0.6363636363636364,0.1527777777777778
50.2,0.38181818181818183,0.1527777777777778
50.233333333333334,0.38181818181818183,0.375
50.266666666666666,0.5454545454545454,0.375
50.3,0.5272727272727272,0.027777777777777776
50.333333333333336,0.5272727272727272,0.027777777777777776
50.36666666666667,0.6,0.2361111111111111
50.4,0.6,0.2361111111111111
50.43333333333333,0.3090909090909091,0.0
50.46666666666667,0.5,0.0
50.5,0.3090909090909091,0.0
50.53333333333333,0.509090909090909,0.25
50.56666666666667,0.509090909090909,0.25
50.6,0.2636363636363636,0.16666666666666666
50.63333333333333,0.6636363636363637,0.16666666666666666
50.666666666666664,0.24545454545454545,0.19444444444444445
50.7,0.32727272727272727,0.8333333333333334
50.733333333333334,0.32727272727272727,0.7777777777777778
50.766666666666666,0.4727272727272727,0.027777777777777776
50.8,0.4727272727272727,0.027777777777777776
50.833333333333336,0.5,0.2222222222222222
50.86666666666667,0.5,0.2222222222222222
50.9,0.43636363636363634,0.1388888888888889
50.93333333333333,0.43636363636363634,0.1527777777777778
50.96666666666667,0.43636363636363634,0.1527777777777778
51.0,0.23636363636363636,0.1527777777777778
51.03333333333333,0.23636363636363636,0.1527777777777778
51.06666666666667,0.6818181818181818,0.1527777777777778
51.1,0.3090909090909091,0.1388888888888889
51.13333333333333,0.3090909090909091,0.1388888888888889
51.166666666666664,0.13636363636363635,0.2638888888888889
51.2,0.13636363636363635,0.2638888888888889
51.233333333333334,0.0,0.20833333333333334
51.266666666666666,0.0,0.20833333333333334
51.3,0.0,0.0
51.333333333333336,0.2,0.18055555555555555
51.36666666666667,0.19090909090909092,0.18055555555555555
51.4,0.19090909090909092,0.18055555555555555
51.43333333333333,0.19090909090909092,0.1388888888888889
51.46666666666667,0.18181818181818182,0.1527777777777778
51.5,0.18181818181818182,0.2361111111111111
51.53333333333333,0.37272727272727274,0.2361111111111111
51.56666666666667,0.37272727272727274,0.08333333333333333
51.6,0.4727272727272727,0.3194444444444444
51.63333333333333,0.2818181818181818,0.3194444444444444
51.666666666666664,0.2818181818181818,0.2222222222222222
51.7,0.2818181818181818,0.2222222222222222
51.733333333333334,0.19090909090909092,0.2222222222222222
51.766666666666666,0.19090909090909092,0.20833333333333334
51.8,0.07272727272727272,0.20833333333333334
51.833333333333336,0.13636363636363635,0.125
51.86666666666667,0.13636363636363635,0.125
51.9,0.08181818181818182,0.06944444444444445
51.93333333333333,0.08181818181818182,0.06944444444444445
51.96666666666667,0.41818181818181815,0.1527777777777778
52.0,0.41818181818181815,0.1527777777777778
52.03333333333333,0.4090909090909091,0.1527777777777778
52.06666666666667,0.4090909090909091,0.1527777777777778
52.1,0.41818181818181815,0.4722222222222222
52.13333333333333,0.34545454545454546,0.4722222222222222
52.166666666666664,0.38181818181818183,0.2638888888888889
52.2,0.19090909090909092,0.2638888888888889
52.233333333333334,0.19090909090909092,0.16666666666666666
52.266666666666666,0.33636363636363636,0.16666666666666666
52.3,0.5545454545454546,0.041666666666666664
52.333333333333336,0.5545454545454546,0.041666666666666664
52.36666666666667,0.20909090909090908,0.1388888888888889
52.4,0.20909090909090908,0.1388888888888889
52.43333333333333,0.5545454545454546,0.2638888888888889
52.46666666666667,0.5545454545454546,0.2638888888888889
52.5,0.5545454545454546,0.08333333333333333
52.53333333333333,0.18181818181818182,0.2222222222222222
52.56666666666667,0.08181818181818182,0.2222222222222222
52.6,0.08181818181818182,0.2222222222222222
52.63333333333333,0.07272727272727272,0.19444444444444445
52.666666666666664,0.07272727272727272,0.19444444444444445
52.7,0.38181818181818183,0.1527777777777778
52.733333333333334,0.38181818181818183,0.1527777777777778
52.766666666666666,0.34545454545454546,0.16666666666666666
52.8,0.34545454545454546,0.16666666666666666
52.833333333333336,0.509090909090909,0.08333333333333333
52.86666666666667,0.509090909090909,0.06944444444444445
52.9,0.509090909090909,0.09722222222222222
52.93333333333333,0.5181818181818182,0.05555555555555555
52.96666666666667,0.5181818181818182,0.125
53.0,0.6818181818181818,0.125
53.03333333333333,0.4727272727272727,0.20833333333333334
53.06666666666667,0.4727272727272727,0.20833333333333334
53.1,0.42727272727272725,0.1388888888888889
53.13333333333333,0.5727272727272728,0.1388888888888889
53.166666666666664,0.3090909090909091,0.125
53.2,0.3090909090909091,0.125
53.233333333333334,0.5363636363636364,0.2916666666666667
53.266666666666666,0.5363636363636364,0.2916666666666667
53.3,0.5363636363636364,0.25
53.333333333333336,0.5636363636363636,0.25
53.36666666666667,0.44545454545454544,0.09722222222222222
53.4,0.44545454545454544,0.09722222222222222
53.43333333333333,0.13636363636363635,0.18055555555555555
53.46666666666667,0.13636363636363635,0.18055555555555555
53.5,0.3090909090909091,0.2916666666666667
53.53333333333333,0.3090909090909091,0.2916666666666667
53.56666666666667,0.3,0.18055555555555555
53.6,0.3,0.18055555555555555
53.63333333333333,0.12727272727272726,0.18055555555555555
53.666666666666664,0.12727272727272726,0.2361111111111111
53.7,0.12727272727272726,0.3055555555555556
53.733333333333334,0.14545454545454545,0.3055555555555556
53.766666666666666,0.14545454545454545,0.125
53.8,0.11818181818181818,0.125
53.833333333333336,0.12727272727272726,0.16666666666666666
53.86666666666667,0.12727272727272726,0.16666666666666666
53.9,0.4636363636363636,0.16666666666666666
53.93333333333333,0.4636363636363636,0.16666666666666666
53.96666666666667,0.15454545454545454,0.2361111111111111
54.0,0.15454545454545454,0.2361111111111111
54.03333333333333,0.05454545454545454,0.4722222222222222
54.06666666666667,0.05454545454545454,0.4722222222222222
54.1,0.05454545454545454,0.1388888888888889
54.13333333333333,0.16363636363636364,0.1388888888888889
54.166666666666664,0.16363636363636364,0.16666666666666666
54.2,0.045454545454545456,0.16666666666666666
54.233333333333334,0.045454545454545456,0.1388888888888889
54.266666666666666,0.14545454545454545,0.1388888888888889
54.3,0.14545454545454545,0.4444444444444444
54.333333333333336,0.05454545454545454,0.4444444444444444
54.36666666666667,0.19090909090909092,0.4166666666666667
54.4,0.19090909090909092,0.4166666666666667
54.43333333333333,0.19090909090909092,0.4166666666666667
54.46666666666667,0.09090909090909091,0.3194444444444444
54.5,0.09090909090909091,0.20833333333333334
54.53333333333333,0.6181818181818182,0.20833333333333334
54.56666666666667,0.045454545454545456,0.013888888888888888
54.6,0.045454545454545456,0.013888888888888888
54.63333333333333,0.045454545454545456,0.1388888888888889
54.666666666666664,0.11818181818181818,0.1388888888888889
54.7,0.11818181818181818,0.1388888888888889
54.733333333333334,0.6090909090909091,0.4027777777777778
54.766666666666666,0.18181818181818182,0.20833333333333334
54.8,0.18181818181818182,0.20833333333333334
54.833333333333336,0.18181818181818182,0.2916666666666667
54.86666666666667,0.09090909090909091,0.2916666666666667
54.9,0.09090909090909091,0.125
54.93333333333333,0.09090909090909091,0.125
54.96666666666667,0.0,0.25
55.0,0.2636363636363636,0.25
55.03333333333333,0.2636363636363636,0.2222222222222222
55.06666666666667,0.23636363636363636,0.2222222222222222
55.1,0.2636363636363636,0.2222222222222222
55.13333333333333,0.24545454545454545,0.2222222222222222
55.166666666666664,0.34545454545454546,0.2916666666666667
55.2,0.5727272727272728,0.2916666666666667
55.233333333333334,0.5727272727272728,0.20833333333333334
55.266666666666666,0.2818181818181818,0.20833333333333334
55.3,0.2818181818181818,0.19444444444444445
55.333333333333336,0.36363636363636365,0.19444444444444445
55.36666666666667,0.36363636363636365,0.25
55.4,0.4818181818181818,0.25
55.43333333333333,0.4818181818181818,0.19444444444444445
55.46666666666667,0.24545454545454545,0.19444444444444445
55.5,0.24545454545454545,0.18055555555555555
55.53333333333333,0.41818181818181815,0.18055555555555555
55.56666666666667,0.41818181818181815,0.1527777777777778
55.6,0.5272727272727272,0.1527777777777778
55.63333333333333,0.5272727272727272,0.20833333333333334
55.666666666666664,0.32727272727272727,0.20833333333333334
55.7,0.32727272727272727,0.3055555555555556
55.733333333333334,0.4727272727272727,0.3055555555555556
55.766666666666666,0.4727272727272727,0.09722222222222222
55.8,0.4636363636363636,0.09722222222222222
55.833333333333336,0.4636363636363636,0.041666666666666664
55.86666666666667,0.34545454545454546,0.041666666666666664
55.9,0.34545454545454546,0.1388888888888889
55.93333333333333,0.4909090909090909,0.1388888888888889
55.96666666666667,0.4909090909090909,0.16666666666666666
56.0,0.45454545454545453,0.16666666666666666
56.03333333333333,0.45454545454545453,0.08333333333333333
56.06666666666667,0.09090909090909091,0.08333333333333333
56.1,0.09090909090909091,0.09722222222222222
56.13333333333333,0.41818181818181815,0.09722222222222222
56.166666666666664,0.41818181818181815,0.041666666666666664
56.2,0.23636363636363636,0.041666666666666664
56.233333333333334,0.23636363636363636,0.3611111111111111
56.266666666666666,0.3181818181818182,0.3611111111111111
56.3,0.3181818181818182,0.3333333333333333
56.333333333333336,0.07272727272727272,0.3333333333333333
56.36666666666667,0.07272727272727272,0.2361111111111111
56.4,0.21818181818181817,0.2361111111111111
56.43333333333333,0.21818181818181817,0.2222222222222222
56.46666666666667,0.15454545454545454,0.2222222222222222
56.5,0.15454545454545454,0.20833333333333334
56.53333333333333,0.21818181818181817,0.20833333333333334
56.56666666666667,0.21818181818181817,0.16666666666666666
56.6,0.15454545454545454,0.16666666666666666
56.63333333333333,0.15454545454545454,0.20833333333333334
56.666666666666664,0.10909090909090909,0.20833333333333334
56.7,0.10909090909090909,0.06944444444444445
56.733333333333334,0.0,0.06944444444444445
56.766666666666666,0.0,0.20833333333333334
56.8,0.15454545454545454,0.20833333333333334
56.833333333333336,0.15454545454545454,0.2361111111111111
56.86666666666667,0.2,0.2361111111111111
56.9,0.2,0.6944444444444444
56.93333333333333,0.2,0.6944444444444444
56.96666666666667,0.2,0.2222222222222222
57.0,0.2636363636363636,0.2222222222222222
57.03333333333333,0.2636363636363636,0.20833333333333334
57.06666666666667,0.20909090909090908,0.20833333333333334
57.1,0.20909090909090908,0.18055555555555555
57.13333333333333,0.1,0.18055555555555555
57.166666666666664,0.1,0.125
57.2,0.07272727272727272,0.125
57.233333333333334,0.07272727272727272,0.1527777777777778
57.266666666666666,0.07272727272727272,0.1527777777777778
57.3,0.07272727272727272,0.18055555555555555
57.333333333333336,0.22727272727272727,0.18055555555555555
57.36666666666667,0.22727272727272727,0.4166666666666667
57.4,0.38181818181818183,0.3888888888888889
57.43333333333333,0.38181818181818183,0.3472222222222222
57.46666666666667,0.07272727272727272,0.3472222222222222
57.5,0.07272727272727272,0.05555555555555555
57.53333333333333,0.02727272727272727,0.05555555555555555
57.56666666666667,0.02727272727272727,0.20833333333333334
57.6,0.18181818181818182,0.20833333333333334
57.63333333333333,0.18181818181818182,0.19444444444444445
57.666666666666664,0.0,0.19444444444444445
57.7,0.0,0.16666666666666666
57.733333333333334,0.5272727272727272,0.16666666666666666
57.766666666666666,0.5272727272727272,0.041666666666666664
57.8,0.2909090909090909,0.041666666666666664
57.833333333333336,0.2909090909090909,0.18055555555555555
57.86666666666667,0.17272727272727273,0.18055555555555555
57.9,0.17272727272727273,0.2638888888888889
57.93333333333333,0.05454545454545454,0.2638888888888889
57.96666666666667,0.36363636363636365,0.3333333333333333
58.0,0.36363636363636365,0.3333333333333333
58.03333333333333,0.36363636363636365,0.2638888888888889
58.06666666666667,0.5636363636363636,0.2638888888888889
58.1,0.5636363636363636,0.2222222222222222
58.13333333333333,0.5181818181818182,0.2222222222222222
58.166666666666664,0.5181818181818182,0.5277777777777778
58.2,0.12727272727272726,0.4166666666666667
58.233333333333334,0.12727272727272726,0.4166666666666667
58.266666666666666,0.2545454545454545,0.4166666666666667
58.3,0.2545454545454545,0.20833333333333334
58.333333333333336,0.23636363636363636,0.19444444444444445
58.36666666666667,0.23636363636363636,0.0
58.4,0.02727272727272727,0.0
58.43333333333333,0.45454545454545453,0.3333333333333333
58.46666666666667,0.45454545454545453,0.3333333333333333
58.5,0.45454545454545453,0.1527777777777778
58.53333333333333,0.10909090909090909,0.1527777777777778
58.56666666666667,0.21818181818181817,0.19444444444444445
58.6,0.11818181818181818,0.19444444444444445
58.63333333333333,0.11818181818181818,0.19444444444444445
58.666666666666664,0.0,0.19444444444444445
58.7,0.0,0.16666666666666666
58.733333333333334,0.16363636363636364,0.16666666666666666
58.766666666666666,0.16363636363636364,0.041666666666666664
58.8,0.0,0.0
58.833333333333336,0.0,0.1111111111111111
58.86666666666667,0.24545454545454545,0.1111111111111111
58.9,0.24545454545454545,0.013888888888888888
58.93333333333333,0.12727272727272726,0.013888888888888888
58.96666666666667,0.12727272727272726,0.3611111111111111
59.0,0.10909090909090909,0.3611111111111111
59.03333333333333,0.10909090909090909,0.06944444444444445
59.06666666666667,0.08181818181818182,0.06944444444444445
59.1,0.08181818181818182,0.2916666666666667
59.13333333333333,0.17272727272727273,0.2916666666666667
59.166666666666664,0.17272727272727273,0.3333333333333333
59.2,0.1,0.3333333333333333
59.233333333333334,0.1,0.19444444444444445
59.266666666666666,0.20909090909090908,0.19444444444444445
59.3,0.20909090909090908,0.1527777777777778
59.333333333333336,0.22727272727272727,0.1527777777777778
59.36666666666667,0.22727272727272727,0.20833333333333334
59.4,0.2909090909090909,0.20833333333333334
59.43333333333333,0.2909090909090909,0.08333333333333333
59.46666666666667,0.14545454545454545,0.08333333333333333
59.5,0.14545454545454545,0.2777777777777778
59.53333333333333,0.2545454545454545,0.2777777777777778
59.56666666666667,0.2545454545454545,0.2638888888888889
59.6,0.4090909090909091,0.2638888888888889
59.63333333333333,0.2545454545454545,0.5972222222222222
59.666666666666664,0.2545454545454545,0.5972222222222222
59.7,0.2545454545454545,0.3055555555555556
59.733333333333334,0.12727272727272726,0.3055555555555556
59.766666666666666,0.12727272727272726,0.4166666666666667
59.8,0.20909090909090908,0.4166666666666667
59.833333333333336,0.20909090909090908,0.2222222222222222
59.86666666666667,0.2909090909090909,0.2222222222222222
59.9,0.0,0.4583333333333333
59.93333333333333,0.35454545454545455,0.4583333333333333
59.96666666666667,0.35454545454545455,0.19444444444444445
60.0,0.19090909090909092,0.19444444444444445
60.03333333333333,0.19090909090909092,0.3055555555555556
60.06666666666667,0.6636363636363637,0.3055555555555556
60.1,0.6636363636363637,0.2638888888888889
60.13333333333333,0.4,0.2638888888888889
60.166666666666664,0.4,0.2777777777777778
60.2,0.7,0.2777777777777778
60.233333333333334,0.7,0.08333333333333333
60.266666666666666,0.20909090909090908,0.08333333333333333
60.3,0.20909090909090908,0.08333333333333333
60.333333333333336,0.3,0.08333333333333333
60.36666666666667,0.3,0.2638888888888889
60.4,0.19090909090909092,0.2638888888888889
60.43333333333333,0.19090909090909092,0.20833333333333334
60.46666666666667,0.2636363636363636,0.20833333333333334
60.5,0.2636363636363636,0.4861111111111111
60.53333333333333,0.13636363636363635,0.4861111111111111
60.56666666666667,0.13636363636363635,0.375
60.6,0.2636363636363636,0.375
60.63333333333333,0.2636363636363636,0.1111111111111111
60.666666666666664,0.09090909090909091,0.1111111111111111
60.7,0.09090909090909091,0.1111111111111111
60.733333333333334,0.24545454545454545,0.1111111111111111
60.766666666666666,0.24545454545454545,0.05555555555555555
60.8,0.24545454545454545,0.05555555555555555
60.833333333333336,0.24545454545454545,0.125
60.86666666666667,0.17272727272727273,0.125
60.9,0.17272727272727273,0.05555555555555555
60.93333333333333,0.12727272727272726,0.05555555555555555
60.96666666666667,0.12727272727272726,0.2361111111111111
61.0,0.14545454545454545,0.2361111111111111
61.03333333333333,0.14545454545454545,0.08333333333333333
61.06666666666667,0.15454545454545454,0.08333333333333333
61.1,0.15454545454545454,0.3194444444444444
61.13333333333333,0.3181818181818182,0.3194444444444444
61.166666666666664,0.3181818181818182,0.05555555555555555
61.2,0.14545454545454545,0.05555555555555555
61.233333333333334,0.2727272727272727,0.013888888888888888
61.266666666666666,0.2727272727272727,0.3472222222222222
61.3,0.2727272727272727,0.3472222222222222
61.333333333333336,0.07272727272727272,0.3472222222222222
61.36666666666667,0.07272727272727272,0.19444444444444445
61.4,0.23636363636363636,0.2777777777777778
61.43333333333333,0.23636363636363636,0.1111111111111111
61.46666666666667,0.20909090909090908,0.1111111111111111
61.5,0.20909090909090908,0.19444444444444445
61.53333333333333,0.19090909090909092,0.19444444444444445
61.56666666666667,0.19090909090909092,0.2777777777777778
61.6,0.06363636363636363,0.2777777777777778
61.63333333333333,0.06363636363636363,0.2777777777777778
61.666666666666664,0.20909090909090908,0.2777777777777778
61.7,0.20909090909090908,0.1111111111111111
61.733333333333334,0.21818181818181817,0.1111111111111111
61.766666666666666,0.21818181818181817,0.3055555555555556
61.8,0.16363636363636364,0.3055555555555556
61.833333333333336,0.16363636363636364,0.375
61.86666666666667,0.4,0.375
61.9,0.4,0.6111111111111112
61.93333333333333,0.22727272727272727,0.6111111111111112
61.96666666666667,0.22727272727272727,0.3611111111111111
62.0,0.5,0.4166666666666667
62.03333333333333,0.5,0.3194444444444444
62.06666666666667,0.2,0.3194444444444444
62.1,0.2,0.25
62.13333333333333,0.16363636363636364,0.25
62.166666666666664,0.16363636363636364,0.1111111111111111
62.2,0.4909090909090909,0.1111111111111111
