Timestamp,Webcam_1_Average,Webcam_2_Average,Webcam_3_Average,Webcam_4_Average
0.0,1.121875,1.788888888888889,1.1315192743764173,0.7817460317460317
0.03333333333333333,1.121875,1.8,1.1315192743764173,0.716931216931217
0.06666666666666667,0.89375,2.011111111111111,1.0,0.716931216931217
0.1,0.89375,1.9222222222222223,1.0,0.716931216931217
0.13333333333333333,1.09375,1.8916666666666666,1.0,0.9087301587301587
0.16666666666666666,1.09375,1.9944444444444445,1.0,0.9973544973544973
0.2,1.2125,2.0277777777777777,1.036281179138322,0.9907407407407407
0.23333333333333334,1.253125,2.033333333333333,1.036281179138322,0.9880952380952381
0.26666666666666666,1.05625,1.9833333333333334,1.0,0.921957671957672
0.3,1.059375,1.9055555555555554,1.0,0.951058201058201
0.3333333333333333,0.996875,2.0,1.219954648526077,0.9656084656084656
0.36666666666666664,0.996875,1.9916666666666667,1.219954648526077,0.951058201058201
0.4,0.94375,1.9833333333333334,1.219954648526077,0.9087301587301587
0.43333333333333335,0.971875,1.9916666666666667,1.3764172335600906,1.0317460317460319
0.4666666666666667,1.0,1.8666666666666667,1.199546485260771,1.029100529100529
0.5,1.0,1.9555555555555555,1.2108843537414966,1.0066137566137565
0.5333333333333333,1.228125,1.9222222222222223,1.1541950113378685,1.0185185185185186
0.5666666666666667,1.203125,1.9333333333333333,1.5011337868480725,1.0925925925925926
0.6,1.209375,1.9055555555555554,1.433106575963719,1.0925925925925926
0.6333333333333333,1.2,1.9055555555555554,1.433106575963719,1.1455026455026456
0.6666666666666666,1.046875,1.9777777777777779,1.0,1.1455026455026456
0.7,1.065625,2.0,1.0839002267573696,1.1349206349206349
0.7333333333333333,1.028125,2.0,1.0839002267573696,0.9775132275132276
0.7666666666666667,1.065625,1.9111111111111112,1.1428571428571428,0.9828042328042328
0.8,1.075,1.8944444444444444,1.0680272108843538,1.1587301587301588
0.8333333333333334,0.984375,1.8777777777777778,1.0793650793650793,1.2711640211640212
0.8666666666666667,1.003125,1.9666666666666666,1.0657596371882085,1.253968253968254
0.9,1.15,1.9444444444444444,1.1065759637188208,1.1058201058201058
0.9333333333333333,1.15,1.8694444444444445,1.1156462585034013,1.1058201058201058
0.9666666666666667,1.15,1.8694444444444445,1.0861678004535147,0.9656084656084656
1.0,1.221875,2.013888888888889,1.0861678004535147,0.9656084656084656
1.0333333333333334,1.221875,1.9333333333333333,1.0997732426303855,0.9391534391534392
1.0666666666666667,1.1625,1.9388888888888889,1.0816326530612246,0.9563492063492064
1.1,1.1625,1.9333333333333333,1.0839002267573696,0.917989417989418
1.1333333333333333,1.03125,2.088888888888889,1.018140589569161,0.9166666666666666
1.1666666666666667,1.03125,1.9777777777777779,1.0272108843537415,0.9272486772486772
1.2,1.03125,1.8416666666666666,1.0090702947845804,0.9272486772486772
1.2333333333333334,1.040625,1.9666666666666666,1.0498866213151927,0.8915343915343915
1.2666666666666666,1.040625,1.9666666666666666,1.0272108843537415,0.9021164021164021
1.3,1.05,1.95,1.0634920634920635,1.0264550264550265
1.3333333333333333,1.209375,1.725,1.09297052154195,1.0224867724867726
1.3666666666666667,0.990625,1.725,1.054421768707483,0.9444444444444444
1.4,0.990625,2.0,1.054421768707483,0.9431216931216931
1.4333333333333333,0.990625,2.0972222222222223,1.1224489795918366,0.9444444444444444
1.4666666666666666,1.1375,1.8083333333333333,1.056689342403628,0.9166666666666666
1.5,1.053125,1.8083333333333333,1.08843537414966,0.8968253968253969
1.5333333333333334,0.99375,1.9777777777777779,1.08843537414966,0.8981481481481481
1.5666666666666667,0.978125,1.9805555555555556,1.08843537414966,0.8624338624338624
1.6,1.125,1.761111111111111,1.1383219954648527,0.8624338624338624
1.6333333333333333,1.065625,1.9388888888888889,1.1904761904761905,0.9484126984126984
1.6666666666666667,1.025,1.9166666666666667,1.1859410430839001,0.9563492063492064
1.7,1.025,1.9166666666666667,1.1972789115646258,0.9444444444444444
1.7333333333333334,1.2375,1.636111111111111,1.1201814058956916,0.9444444444444444
1.7666666666666666,1.265625,1.9861111111111112,1.0770975056689343,0.6243386243386243
1.8,1.04375,1.9194444444444445,1.0748299319727892,0.6216931216931217
1.8333333333333333,1.159375,2.1,1.0680272108843538,0.6917989417989417
1.8666666666666667,1.0375,1.9722222222222223,1.0680272108843538,0.6917989417989417
1.9,1.0375,1.9722222222222223,1.0680272108843538,0.5304232804232805
1.9333333333333333,1.003125,1.9777777777777779,1.090702947845805,0.5198412698412699
1.9666666666666666,1.38125,1.9111111111111112,1.1133786848072562,0.6693121693121693
2.0,1.365625,1.8472222222222223,1.018140589569161,0.6825396825396826
2.033333333333333,1.365625,1.8472222222222223,1.0226757369614512,0.7156084656084656
2.066666666666667,1.0,1.8416666666666666,1.0657596371882085,0.7156084656084656
2.1,1.028125,1.9527777777777777,1.1020408163265305,0.6309523809523809
2.1333333333333333,1.028125,1.8972222222222221,1.1020408163265305,0.6402116402116402
2.1666666666666665,1.028125,1.9972222222222222,1.126984126984127,0.6970899470899471
2.2,0.990625,1.9972222222222222,1.0453514739229024,0.6759259259259259
2.2333333333333334,0.990625,1.9972222222222222,1.0453514739229024,0.6984126984126984
2.2666666666666666,1.23125,2.011111111111111,1.1383219954648527,0.5132275132275133
2.3,1.23125,2.011111111111111,1.1564625850340136,1.0211640211640212
2.3333333333333335,1.121875,2.0166666666666666,1.0,1.0026455026455026
2.3666666666666667,1.18125,1.9444444444444444,1.1655328798185942,1.3597883597883598
2.4,1.18125,1.9444444444444444,1.2879818594104309,1.2751322751322751
2.433333333333333,1.18125,2.033333333333333,1.3242630385487528,0.9920634920634921
2.466666666666667,1.021875,1.9916666666666667,1.36281179138322,0.9920634920634921
2.5,1.2625,1.8277777777777777,1.4081632653061225,1.2248677248677249
2.533333333333333,1.296875,1.8277777777777777,1.2607709750566893,1.2407407407407407
2.566666666666667,1.296875,1.8277777777777777,1.2607709750566893,1.2552910052910053
2.6,1.0125,2.0166666666666666,1.0,1.2552910052910053
2.6333333333333333,1.0125,2.0166666666666666,1.0,1.2552910052910053
2.6666666666666665,1.059375,1.9277777777777778,1.3401360544217686,1.2341269841269842
2.7,1.059375,1.9388888888888889,1.3605442176870748,1.2989417989417988
2.7333333333333334,1.01875,2.011111111111111,1.1700680272108843,1.2989417989417988
2.7666666666666666,1.11875,1.6777777777777778,1.1768707482993197,0.9523809523809523
2.8,1.11875,1.6777777777777778,1.1065759637188208,0.9523809523809523
2.8333333333333335,1.11875,1.6777777777777778,1.1065759637188208,0.9007936507936508
2.8666666666666667,1.18125,2.0277777777777777,1.054421768707483,0.9007936507936508
2.9,1.171875,1.6972222222222222,1.0702947845804989,0.958994708994709
2.933333333333333,1.15,1.6972222222222222,1.0702947845804989,0.9642857142857143
2.966666666666667,1.15,1.6972222222222222,1.1496598639455782,0.9444444444444444
3.0,1.30625,2.0166666666666666,1.1496598639455782,0.9537037037037037
3.033333333333333,1.30625,2.0305555555555554,1.1882086167800454,0.8994708994708994
3.066666666666667,1.15,1.7138888888888888,1.1768707482993197,0.8994708994708994
3.1,1.15,1.7138888888888888,1.183673469387755,0.9126984126984127
3.1333333333333333,1.025,2.011111111111111,1.0090702947845804,0.9232804232804233
3.1666666666666665,1.15625,2.0055555555555555,1.129251700680272,0.9021164021164021
3.2,1.15625,1.863888888888889,1.0702947845804989,0.9021164021164021
3.2333333333333334,1.03125,1.863888888888889,1.0748299319727892,0.8994708994708994
3.2666666666666666,1.03125,1.8222222222222222,1.0090702947845804,0.8716931216931217
3.3,1.009375,1.9944444444444445,1.0272108843537415,0.9947089947089947
3.3333333333333335,1.009375,1.9722222222222223,1.0158730158730158,0.9947089947089947
3.3666666666666667,1.009375,1.8888888888888888,1.0249433106575965,0.9113756613756614
3.4,1.0,1.9555555555555555,1.0,0.9404761904761905
3.433333333333333,1.1125,1.8888888888888888,1.0068027210884354,0.9087301587301587
3.466666666666667,1.065625,1.8722222222222222,1.036281179138322,0.9788359788359788
3.5,1.065625,1.8722222222222222,1.038548752834467,1.2023809523809523
3.533333333333333,1.06875,2.011111111111111,1.0272108843537415,1.1997354497354498
3.566666666666667,1.06875,1.6777777777777778,1.1882086167800454,0.8941798941798942
3.6,1.075,1.6777777777777778,1.1746031746031746,0.8928571428571429
3.6333333333333333,1.075,1.6777777777777778,1.2108843537414966,0.9484126984126984
3.6666666666666665,0.878125,2.0166666666666666,1.0,0.9484126984126984
3.7,0.915625,1.7861111111111112,1.0113378684807257,1.0198412698412698
3.7333333333333334,1.265625,1.7861111111111112,1.0113378684807257,1.0198412698412698
3.7666666666666666,1.265625,1.7861111111111112,1.0317460317460319,1.037037037037037
3.8,0.959375,1.9277777777777778,1.0,1.037037037037037
3.8333333333333335,0.934375,1.9277777777777778,1.0113378684807257,1.037037037037037
3.8666666666666667,0.9375,1.8444444444444446,1.0090702947845804,0.9431216931216931
3.9,1.015625,1.8805555555555555,1.036281179138322,0.9431216931216931
3.933333333333333,1.015625,2.011111111111111,1.0249433106575965,0.9854497354497355
3.966666666666667,1.015625,1.7222222222222223,1.0975056689342404,0.9682539682539683
4.0,0.9875,1.7222222222222223,1.0793650793650793,0.9603174603174603
4.033333333333333,1.00625,1.7222222222222223,1.0861678004535147,0.9325396825396826
4.066666666666666,1.00625,2.0833333333333335,1.0861678004535147,1.0343915343915344
4.1,1.00625,2.0833333333333335,1.2312925170068028,1.0343915343915344
4.133333333333334,0.94375,2.0833333333333335,1.1927437641723355,1.0343915343915344
4.166666666666667,0.94375,2.1055555555555556,1.2448979591836735,0.9682539682539683
4.2,1.159375,1.7666666666666666,1.3061224489795917,0.9682539682539683
4.233333333333333,1.159375,1.75,1.1700680272108843,0.921957671957672
4.266666666666667,1.14375,1.75,1.1428571428571428,0.921957671957672
4.3,1.2,1.75,1.1224489795918366,1.0198412698412698
4.333333333333333,1.13125,1.8444444444444446,1.036281179138322,1.0198412698412698
4.366666666666666,0.96875,1.761111111111111,1.1043083900226758,1.0198412698412698
4.4,0.96875,1.7777777777777777,1.3310657596371882,1.123015873015873
4.433333333333334,0.96875,1.7777777777777777,1.4217687074829932,1.25
4.466666666666667,1.009375,1.961111111111111,1.054421768707483,1.25
4.5,1.009375,1.6888888888888889,1.1315192743764173,1.0013227513227514
4.533333333333333,1.04375,1.6888888888888889,1.0702947845804989,1.0013227513227514
4.566666666666666,1.04375,1.6888888888888889,1.1088435374149659,1.2526455026455026
4.6,0.94375,1.9472222222222222,1.1088435374149659,1.2526455026455026
4.633333333333334,0.94375,1.9666666666666666,1.1088435374149659,1.376984126984127
4.666666666666667,1.14375,1.7694444444444444,1.346938775510204,1.376984126984127
4.7,1.14375,1.8166666666666667,1.4852607709750567,1.2103174603174602
4.733333333333333,0.990625,2.0,1.0453514739229024,1.17989417989418
4.766666666666667,0.965625,1.6916666666666667,1.0453514739229024,1.2367724867724867
4.8,1.15625,1.6916666666666667,1.0748299319727892,1.2156084656084656
4.833333333333333,1.15625,1.6916666666666667,1.1065759637188208,1.2447089947089947
4.866666666666666,0.984375,1.9277777777777778,1.0272108843537415,1.2447089947089947
4.9,0.984375,1.7305555555555556,1.2131519274376417,1.1547619047619047
4.933333333333334,1.053125,1.7305555555555556,1.1950113378684808,1.1547619047619047
4.966666666666667,1.053125,1.7305555555555556,1.072562358276644,1.2103174603174602
5.0,0.984375,2.011111111111111,1.0589569160997732,1.1693121693121693
5.033333333333333,1.059375,1.9555555555555555,1.1337868480725624,1.0449735449735449
5.066666666666666,1.059375,1.8694444444444445,1.183673469387755,1.0476190476190477
5.1,1.059375,1.8694444444444445,1.183673469387755,1.0912698412698412
5.133333333333334,1.05,1.9111111111111112,1.0770975056689343,1.0476190476190477
5.166666666666667,1.053125,1.9111111111111112,1.0770975056689343,0.9947089947089947
5.2,1.053125,1.9027777777777777,1.0748299319727892,0.9947089947089947
5.233333333333333,1.0375,1.925,1.1020408163265305,0.9748677248677249
5.266666666666667,1.05625,1.925,1.4467120181405895,0.9537037037037037
5.3,1.0375,1.9694444444444446,1.4648526077097506,0.9682539682539683
5.333333333333333,1.15,1.8083333333333333,1.1020408163265305,0.9682539682539683
5.366666666666666,1.15,1.9,1.2358276643990929,0.9880952380952381
5.4,1.290625,1.9111111111111112,1.219954648526077,0.9880952380952381
5.433333333333334,1.328125,1.8888888888888888,1.219954648526077,0.917989417989418
5.466666666666667,1.128125,1.7916666666666667,1.2789115646258504,0.917989417989418
5.5,1.246875,1.7916666666666667,1.1360544217687074,0.8465608465608465
5.533333333333333,1.25625,1.8833333333333333,1.1360544217687074,0.8346560846560847
5.566666666666666,1.065625,1.8833333333333333,1.1496598639455782,0.8346560846560847
5.6,1.065625,1.8388888888888888,1.0770975056689343,0.7023809523809523
5.633333333333334,1.065625,1.8388888888888888,1.08843537414966,1.0132275132275133
5.666666666666667,1.134375,2.0166666666666666,1.018140589569161,1.0132275132275133
5.7,1.134375,1.9666666666666666,1.018140589569161,1.0449735449735449
5.733333333333333,1.0125,1.9666666666666666,1.072562358276644,1.0515873015873016
5.766666666666667,1.0125,1.9277777777777778,1.0476190476190477,0.9074074074074074
5.8,0.98125,1.9277777777777778,1.0476190476190477,0.9497354497354498
5.833333333333333,0.98125,1.8611111111111112,1.08843537414966,0.8161375661375662
5.866666666666666,1.41875,1.7972222222222223,1.0589569160997732,0.8161375661375662
5.9,1.41875,1.7972222222222223,1.0770975056689343,0.6203703703703703
5.933333333333334,1.11875,2.0055555555555555,1.072562358276644,0.6203703703703703
5.966666666666667,1.11875,2.0055555555555555,1.072562358276644,0.8082010582010583
6.0,1.196875,1.8583333333333334,1.36281179138322,0.8082010582010583
6.033333333333333,1.196875,1.9916666666666667,1.36281179138322,0.7447089947089947
6.066666666666666,1.128125,1.9166666666666667,1.4126984126984128,0.7447089947089947
6.1,1.128125,1.9777777777777779,1.7664399092970522,0.7328042328042328
6.133333333333334,1.0125,1.8222222222222222,1.6213151927437641,0.5714285714285714
6.166666666666667,1.0125,1.8222222222222222,1.6031746031746033,0.578042328042328
6.2,1.034375,1.9166666666666667,1.6031746031746033,0.5753968253968254
6.233333333333333,1.1375,1.9,1.129251700680272,0.6111111111111112
6.266666666666667,1.1375,1.7333333333333334,1.129251700680272,0.6111111111111112
6.3,1.1375,1.7333333333333334,1.1473922902494331,0.6812169312169312
6.333333333333333,0.996875,1.95,1.0,0.6812169312169312
6.366666666666666,0.959375,1.8833333333333333,1.036281179138322,0.671957671957672
6.4,0.959375,1.8833333333333333,1.0,0.6931216931216931
6.433333333333334,0.959375,2.013888888888889,1.0861678004535147,0.6878306878306878
6.466666666666667,0.971875,1.9666666666666666,1.0861678004535147,0.6878306878306878
6.5,0.921875,2.136111111111111,1.090702947845805,0.6190476190476191
6.533333333333333,1.309375,2.047222222222222,1.0839002267573696,0.6190476190476191
6.566666666666666,0.90625,2.047222222222222,1.08843537414966,0.9907407407407407
6.6,0.925,1.9333333333333333,1.124716553287982,0.9907407407407407
6.633333333333334,0.90625,1.9666666666666666,1.199546485260771,0.7341269841269841
6.666666666666667,1.021875,1.8388888888888888,1.0997732426303855,0.7341269841269841
6.7,1.021875,1.8388888888888888,1.08843537414966,0.716931216931217
6.733333333333333,1.209375,1.8805555555555555,1.0521541950113378,0.6944444444444444
6.766666666666667,1.16875,1.8388888888888888,1.0521541950113378,0.966931216931217
6.8,1.16875,1.8388888888888888,1.3741496598639455,0.966931216931217
6.833333333333333,1.16875,2.0,1.3741496598639455,0.9285714285714286
6.866666666666666,1.165625,2.077777777777778,1.4965986394557824,0.9259259259259259
6.9,1.165625,1.9666666666666666,1.5578231292517006,1.2513227513227514
6.933333333333334,1.296875,1.9666666666666666,1.5124716553287982,1.2513227513227514
6.966666666666667,1.3,1.9666666666666666,1.2040816326530612,1.212962962962963
7.0,1.0,2.0055555555555555,1.2040816326530612,1.212962962962963
7.033333333333333,1.175,2.0055555555555555,1.2040816326530612,1.029100529100529
7.066666666666666,1.175,1.7777777777777777,1.3741496598639455,1.029100529100529
7.1,1.175,1.7777777777777777,1.4217687074829932,0.917989417989418
7.133333333333334,0.9875,1.9777777777777779,1.1133786848072562,0.9444444444444444
7.166666666666667,1.0125,1.8222222222222222,1.3310657596371882,1.3148148148148149
7.2,0.95625,1.8166666666666667,1.3174603174603174,1.3148148148148149
7.233333333333333,1.4125,1.9055555555555554,1.3945578231292517,1.0238095238095237
7.266666666666667,1.4125,1.9194444444444445,1.2471655328798186,1.0238095238095237
7.3,1.4125,1.8611111111111112,1.2857142857142858,0.996031746031746
7.333333333333333,1.321875,1.8277777777777777,1.1383219954648527,0.996031746031746
7.366666666666666,1.4875,1.8277777777777777,1.2267573696145124,0.9391534391534392
7.4,1.4875,2.0166666666666666,1.2267573696145124,0.9497354497354498
7.433333333333334,1.34375,2.0166666666666666,1.2267573696145124,0.9563492063492064
7.466666666666667,1.34375,1.836111111111111,1.4308390022675737,0.6534391534391535
7.5,1.378125,1.836111111111111,1.5691609977324263,0.8796296296296297
7.533333333333333,0.95,1.7638888888888888,1.0249433106575965,0.8994708994708994
7.566666666666666,0.93125,1.7638888888888888,1.0521541950113378,0.7301587301587301
7.6,1.05,1.7638888888888888,1.0521541950113378,0.7261904761904762
7.633333333333334,1.05,1.9833333333333334,1.1383219954648527,0.6468253968253969
7.666666666666667,1.065625,1.9833333333333334,1.0748299319727892,0.6468253968253969
7.7,1.03125,1.9583333333333333,1.1224489795918366,0.6071428571428571
7.733333333333333,1.284375,1.9583333333333333,1.1315192743764173,0.6071428571428571
7.766666666666667,1.19375,2.013888888888889,1.1315192743764173,0.6415343915343915
7.8,0.9875,2.013888888888889,1.3650793650793651,0.6402116402116402
7.833333333333333,1.0,2.013888888888889,1.5034013605442176,1.062169312169312
7.866666666666666,1.0,1.7861111111111112,1.2312925170068028,1.062169312169312
7.9,0.978125,1.9388888888888889,1.4217687074829932,1.0145502645502646
7.933333333333334,0.978125,1.9722222222222223,1.1882086167800454,1.0145502645502646
7.966666666666667,0.978125,2.011111111111111,1.3265306122448979,0.9616402116402116
8.0,1.053125,1.8777777777777778,1.1201814058956916,0.9616402116402116
8.033333333333333,1.053125,1.9583333333333333,1.1746031746031746,1.0251322751322751
8.066666666666666,0.975,1.9805555555555556,1.1337868480725624,1.0264550264550265
8.1,0.975,1.9583333333333333,1.4081632653061225,1.0502645502645502
8.133333333333333,1.01875,1.8805555555555555,1.380952380952381,1.0317460317460319
8.166666666666666,1.01875,1.6833333333333333,1.6802721088435375,0.8452380952380952
8.2,0.90625,1.6833333333333333,1.6734693877551021,0.8875661375661376
8.233333333333333,0.90625,1.6833333333333333,1.7210884353741496,0.8452380952380952
8.266666666666667,1.015625,1.8083333333333333,1.3401360544217686,1.033068783068783
8.3,1.04375,1.7472222222222222,1.3582766439909297,0.966931216931217
8.333333333333334,1.11875,1.7472222222222222,1.3560090702947847,1.0264550264550265
8.366666666666667,1.021875,1.6861111111111111,1.0861678004535147,0.9907407407407407
8.4,0.940625,1.6861111111111111,1.0861678004535147,0.9907407407407407
8.433333333333334,1.053125,1.6861111111111111,1.1360544217687074,1.0555555555555556
8.466666666666667,0.99375,1.4222222222222223,1.1519274376417235,1.0555555555555556
8.5,0.99375,1.5277777777777777,1.1791383219954648,0.9193121693121693
8.533333333333333,0.915625,1.4111111111111112,1.0,0.9193121693121693
8.566666666666666,0.965625,1.8527777777777779,1.0136054421768708,0.9894179894179894
8.6,0.965625,1.7333333333333334,1.0975056689342404,0.9894179894179894
8.633333333333333,0.965625,1.7333333333333334,1.0816326530612246,0.9894179894179894
8.666666666666666,1.078125,1.7333333333333334,1.0,1.037037037037037
8.7,0.99375,1.886111111111111,1.0,1.0396825396825398
8.733333333333333,1.0,1.9027777777777777,1.0249433106575965,1.0198412698412698
8.766666666666667,1.059375,1.9111111111111112,1.0249433106575965,0.6164021164021164
8.8,1.034375,1.5527777777777778,1.0090702947845804,0.6164021164021164
8.833333333333334,1.059375,1.7,1.090702947845805,0.7328042328042328
8.866666666666667,0.978125,1.7,1.0770975056689343,0.7328042328042328
8.9,0.978125,1.7,1.145124716553288,0.6362433862433863
8.933333333333334,1.03125,1.7472222222222222,1.1405895691609977,0.6362433862433863
8.966666666666667,0.94375,1.7194444444444446,1.2290249433106577,0.6164021164021164
9.0,1.05,1.7194444444444446,1.2131519274376417,0.6164021164021164
9.033333333333333,1.05,1.7194444444444446,1.2131519274376417,0.6375661375661376
9.066666666666666,1.1125,1.8888888888888888,1.2131519274376417,0.6375661375661376
9.1,1.10625,1.6666666666666667,1.0,0.544973544973545
9.133333333333333,0.9375,1.6666666666666667,1.380952380952381,0.544973544973545
9.166666666666666,1.0875,1.5055555555555555,1.4104308390022675,0.6111111111111112
9.2,1.021875,1.55,1.0,0.6111111111111112
9.233333333333333,1.021875,1.6916666666666667,1.0113378684807257,0.7129629629629629
9.266666666666667,1.246875,1.6972222222222222,1.1337868480725624,0.7129629629629629
9.3,1.246875,1.6972222222222222,1.1337868480725624,0.7129629629629629
9.333333333333334,1.11875,1.7444444444444445,1.072562358276644,0.6097883597883598
9.366666666666667,1.08125,1.7444444444444445,1.072562358276644,0.6097883597883598
9.4,0.925,1.5722222222222222,1.2018140589569162,0.7791005291005291
9.433333333333334,0.925,1.5722222222222222,1.3265306122448979,0.8293650793650794
9.466666666666667,1.04375,1.5722222222222222,1.1065759637188208,0.8293650793650794
9.5,1.065625,1.5722222222222222,1.1065759637188208,0.8293650793650794
9.533333333333333,1.146875,1.5777777777777777,1.2244897959183674,0.8862433862433863
9.566666666666666,1.146875,1.5777777777777777,1.2244897959183674,0.8862433862433863
9.6,1.146875,1.9555555555555555,1.3265306122448979,0.9206349206349206
9.633333333333333,1.109375,1.9555555555555555,1.3945578231292517,0.8743386243386243
9.666666666666666,1.175,1.6916666666666667,1.1315192743764173,0.8743386243386243
9.7,1.175,1.775,1.0,0.794973544973545
9.733333333333333,1.08125,1.7694444444444444,1.0,0.8267195767195767
9.766666666666667,1.08125,1.613888888888889,1.0,0.843915343915344
9.8,1.25625,1.613888888888889,1.433106575963719,0.7711640211640212
9.833333333333334,1.25625,1.613888888888889,1.4308390022675737,0.7896825396825397
9.866666666666667,1.0875,1.738888888888889,1.018140589569161,0.832010582010582
9.9,1.0625,1.65,1.018140589569161,0.9735449735449735
9.933333333333334,1.0625,1.65,1.1564625850340136,0.9735449735449735
9.966666666666667,1.0625,1.65,1.2086167800453516,0.9735449735449735
10.0,1.090625,1.5027777777777778,1.0861678004535147,0.996031746031746
10.033333333333333,1.090625,1.5027777777777778,1.0861678004535147,0.996031746031746
10.066666666666666,1.0375,1.8138888888888889,1.0861678004535147,1.0846560846560847
10.1,1.0375,1.8138888888888889,1.27437641723356,1.1018518518518519
10.133333333333333,1.065625,2.0,1.1201814058956916,1.0211640211640212
10.166666666666666,1.065625,2.0027777777777778,1.1201814058956916,1.0515873015873016
10.2,0.959375,1.9694444444444446,1.1904761904761905,1.0515873015873016
10.233333333333333,0.959375,2.011111111111111,1.2290249433106577,1.0515873015873016
10.266666666666667,1.025,1.5916666666666666,1.0204081632653061,0.9417989417989417
10.3,1.025,1.5916666666666666,1.0204081632653061,0.9417989417989417
10.333333333333334,1.059375,1.5166666666666666,1.0476190476190477,0.906084656084656
10.366666666666667,1.059375,1.5166666666666666,1.0476190476190477,1.0
10.4,1.0,1.7972222222222223,1.054421768707483,0.966931216931217
10.433333333333334,1.0,1.7722222222222221,1.1088435374149659,0.9166666666666666
10.466666666666667,1.034375,1.7444444444444445,1.090702947845805,0.9140211640211641
10.5,1.20625,1.6694444444444445,1.1133786848072562,0.8968253968253969
10.533333333333333,1.20625,1.6694444444444445,1.0204081632653061,0.8968253968253969
10.566666666666666,1.20625,1.6694444444444445,1.0680272108843538,0.9986772486772487
10.6,1.0375,1.7972222222222223,1.1179138321995465,0.9841269841269841
10.633333333333333,1.10625,1.7972222222222223,1.1179138321995465,1.0277777777777777
10.666666666666666,1.10625,2.0,1.1179138321995465,0.9232804232804233
10.7,1.10625,1.9333333333333333,1.1768707482993197,0.9232804232804233
10.733333333333333,1.134375,1.8194444444444444,1.124716553287982,1.253968253968254
10.766666666666667,1.315625,1.8194444444444444,1.0,1.253968253968254
10.8,1.328125,2.0,1.056689342403628,1.2777777777777777
10.833333333333334,1.315625,2.0,1.056689342403628,1.2777777777777777
10.866666666666667,1.053125,1.8611111111111112,1.1541950113378685,0.9629629629629629
10.9,1.053125,1.8611111111111112,1.1541950113378685,1.0211640211640212
10.933333333333334,1.053125,1.8611111111111112,1.1541950113378685,1.0211640211640212
10.966666666666667,0.9625,2.0833333333333335,1.5124716553287982,1.302910052910053
11.0,1.096875,1.85,1.3741496598639455,1.302910052910053
11.033333333333333,1.096875,1.85,1.4217687074829932,1.302910052910053
11.066666666666666,0.978125,2.1333333333333333,1.145124716553288,1.0833333333333333
11.1,0.978125,2.1333333333333333,1.145124716553288,1.0317460317460319
11.133333333333333,1.09375,1.8416666666666666,1.5011337868480725,1.029100529100529
11.166666666666666,1.09375,1.8416666666666666,1.5895691609977325,1.0145502645502646
11.2,1.178125,2.188888888888889,1.0453514739229024,1.0145502645502646
11.233333333333333,1.178125,2.1,1.1723356009070294,1.08994708994709
11.266666666666667,1.09375,2.311111111111111,1.0476190476190477,1.08994708994709
11.3,1.153125,2.3222222222222224,1.0748299319727892,1.08994708994709
11.333333333333334,1.03125,2.2444444444444445,1.0226757369614512,1.07010582010582
11.366666666666667,0.921875,2.088888888888889,1.0226757369614512,1.0224867724867726
11.4,1.059375,2.0027777777777778,1.1133786848072562,1.0224867724867726
11.433333333333334,1.059375,1.9361111111111111,1.1133786848072562,1.0224867724867726
11.466666666666667,0.978125,2.0,1.0975056689342404,0.9431216931216931
11.5,1.01875,2.0,1.0975056689342404,1.0542328042328042
11.533333333333333,1.06875,1.8722222222222222,1.2290249433106577,1.0542328042328042
11.566666666666666,0.95625,1.9111111111111112,1.2358276643990929,1.0582010582010581
11.6,1.009375,1.9777777777777779,1.054421768707483,1.0582010582010581
11.633333333333333,0.95625,1.9833333333333334,1.0090702947845804,0.9642857142857143
11.666666666666666,1.096875,1.7222222222222223,1.3900226757369614,0.951058201058201
11.7,1.096875,1.7222222222222223,1.5895691609977325,1.062169312169312
11.733333333333333,0.98125,1.6805555555555556,1.4489795918367347,1.062169312169312
11.766666666666667,0.98125,1.6583333333333334,1.2494331065759636,1.0449735449735449
11.8,1.146875,1.6916666666666667,1.4512471655328798,1.0449735449735449
11.833333333333334,1.146875,1.6916666666666667,1.4512471655328798,0.6957671957671958
11.866666666666667,1.4,1.6472222222222221,1.4512471655328798,0.6957671957671958
11.9,1.3375,1.6472222222222221,1.4829931972789117,0.6957671957671958
11.933333333333334,1.215625,1.8222222222222222,1.4988662131519275,0.66005291005291
11.966666666666667,1.215625,1.8222222222222222,1.5215419501133787,0.66005291005291
12.0,1.26875,1.9805555555555556,1.1882086167800454,0.6441798941798942
12.033333333333333,1.3125,2.0944444444444446,1.1904761904761905,0.8042328042328042
12.066666666666666,1.678125,2.0527777777777776,1.2857142857142858,0.8227513227513228
12.1,1.73125,2.0527777777777776,1.2630385487528344,0.701058201058201
12.133333333333333,1.165625,2.088888888888889,1.0204081632653061,0.6944444444444444
12.166666666666666,1.225,2.05,1.054421768707483,0.9312169312169312
12.2,1.18125,1.8,1.1383219954648527,0.9312169312169312
12.233333333333333,1.18125,1.8,1.2244897959183674,0.9312169312169312
12.266666666666667,1.14375,1.863888888888889,1.1043083900226758,1.0912698412698412
12.3,1.14375,1.9,1.1746031746031746,1.1097883597883598
12.333333333333334,1.259375,2.0444444444444443,1.126984126984127,1.1097883597883598
12.366666666666667,1.2625,2.0444444444444443,1.1700680272108843,0.7023809523809523
12.4,1.0375,1.9833333333333334,1.090702947845805,0.7023809523809523
12.433333333333334,1.0375,1.9833333333333334,1.1360544217687074,0.701058201058201
12.466666666666667,1.29375,1.8194444444444444,1.0068027210884354,0.6970899470899471
12.5,1.29375,1.8194444444444444,1.072562358276644,0.6904761904761905
12.533333333333333,1.13125,2.0,1.0453514739229024,0.7235449735449735
12.566666666666666,1.13125,2.022222222222222,1.0816326530612246,0.6812169312169312
12.6,1.26875,2.058333333333333,1.056689342403628,0.7103174603174603
12.633333333333333,1.08125,2.0694444444444446,1.056689342403628,0.7103174603174603
12.666666666666666,1.08125,2.1055555555555556,1.3310657596371882,0.6653439153439153
12.7,1.08125,2.1222222222222222,1.3582766439909297,1.0952380952380953
12.733333333333333,1.290625,1.9555555555555555,1.09297052154195,1.08994708994709
12.766666666666667,1.290625,1.9555555555555555,1.09297052154195,0.8068783068783069
12.8,1.13125,1.9444444444444444,1.1405895691609977,0.7936507936507936
12.833333333333334,1.13125,1.9444444444444444,1.1768707482993197,0.7513227513227513
12.866666666666667,1.3125,1.9361111111111111,1.3514739229024944,0.7513227513227513
12.9,1.3125,1.9361111111111111,1.3514739229024944,43.84656084656085
12.933333333333334,15.896875,70.325,6.5895691609977325,43.84656084656085
12.966666666666667,15.840625,1.8611111111111112,6.650793650793651,43.84656084656085
13.0,0.996875,1.8611111111111112,1.0612244897959184,0.6891534391534392
13.033333333333333,0.996875,1.9694444444444446,1.0997732426303855,0.6891534391534392
13.066666666666666,1.01875,1.8777777777777778,1.018140589569161,0.9312169312169312
13.1,1.01875,1.8666666666666667,1.090702947845805,0.91005291005291
13.133333333333333,1.0875,1.7333333333333334,1.1655328798185942,1.0
13.166666666666666,1.0875,1.7333333333333334,1.1791383219954648,0.6997354497354498
13.2,1.0125,1.6388888888888888,1.072562358276644,0.7843915343915344
13.233333333333333,1.0125,1.6388888888888888,1.072562358276644,0.7195767195767195
13.266666666666667,1.103125,1.6972222222222222,1.3333333333333333,0.7156084656084656
13.3,1.103125,1.6972222222222222,1.4421768707482994,0.7354497354497355
13.333333333333334,1.0,1.8138888888888889,1.290249433106576,0.7433862433862434
13.366666666666667,1.0,1.8138888888888889,1.380952380952381,0.7354497354497355
13.4,0.98125,1.7527777777777778,1.1723356009070294,0.6997354497354498
13.433333333333334,0.98125,1.7527777777777778,1.2630385487528344,0.9470899470899471
13.466666666666667,1.0875,1.9666666666666666,1.090702947845805,0.9047619047619048
13.5,1.0875,1.9666666666666666,1.072562358276644,1.029100529100529
13.533333333333333,1.003125,1.8611111111111112,6.757369614512472,1.029100529100529
13.566666666666666,1.003125,1.8611111111111112,6.757369614512472,61.13095238095238
13.6,22.896875,92.64166666666667,4.684807256235827,61.13095238095238
13.633333333333333,22.896875,92.64166666666667,4.684807256235827,61.13095238095238
13.666666666666666,1.040625,1.9944444444444445,1.6712018140589568,0.8068783068783069
13.7,1.040625,2.0527777777777776,1.7210884353741496,0.8716931216931217
13.733333333333333,1.00625,2.1277777777777778,1.18140589569161,0.8716931216931217
13.766666666666667,1.00625,2.1,1.18140589569161,0.8716931216931217
13.8,1.115625,1.6527777777777777,1.3378684807256236,0.6984126984126984
13.833333333333334,1.1375,1.6527777777777777,1.471655328798186,0.6984126984126984
13.866666666666667,1.1375,1.5055555555555555,1.3582766439909297,0.7063492063492064
13.9,1.1375,1.5611111111111111,1.3582766439909297,0.7354497354497355
13.933333333333334,1.1,1.9361111111111111,1.3922902494331066,0.7354497354497355
13.966666666666667,1.1,1.9361111111111111,1.3922902494331066,1.0396825396825398
14.0,1.00625,2.0305555555555554,1.1904761904761905,1.0449735449735449
14.033333333333333,1.00625,1.9361111111111111,1.4557823129251701,0.9576719576719577
14.066666666666666,1.26875,2.011111111111111,1.3650793650793651,0.9576719576719577
14.1,1.26875,2.011111111111111,1.3650793650793651,1.0436507936507937
14.133333333333333,1.0,2.033333333333333,1.6757369614512472,1.0436507936507937
14.166666666666666,1.0,2.1333333333333333,1.6757369614512472,1.0436507936507937
14.2,1.071875,1.8888888888888888,1.8072562358276645,1.2222222222222223
14.233333333333333,1.071875,1.8888888888888888,1.8072562358276645,1.2394179894179893
14.266666666666667,22.959375,90.42777777777778,9.802721088435375,1.2394179894179893
14.3,22.959375,90.42777777777778,9.802721088435375,61.157407407407405
14.333333333333334,1.10625,1.9527777777777777,1.2857142857142858,61.157407407407405
14.366666666666667,1.10625,1.9527777777777777,1.3560090702947847,1.42989417989418
14.4,1.00625,2.216666666666667,1.1179138321995465,1.4272486772486772
14.433333333333334,0.965625,2.05,1.1179138321995465,1.287037037037037
14.466666666666667,1.134375,1.9305555555555556,1.219954648526077,1.287037037037037
14.5,1.134375,1.925,1.215419501133787,1.279100529100529
14.533333333333333,1.0875,2.1444444444444444,1.0,1.279100529100529
14.566666666666666,1.0875,2.227777777777778,1.0317460317460319,1.2156084656084656
14.6,0.94375,2.036111111111111,1.0816326530612246,1.2103174603174602
14.633333333333333,0.971875,2.036111111111111,1.1201814058956916,1.2433862433862435
14.666666666666666,0.971875,1.9527777777777777,1.0,1.1111111111111112
14.7,0.971875,1.9527777777777777,1.1088435374149659,1.1111111111111112
14.733333333333333,1.175,2.0055555555555555,1.3582766439909297,1.3703703703703705
14.766666666666667,1.175,2.022222222222222,1.4421768707482994,1.1507936507936507
14.8,1.059375,2.1944444444444446,1.0816326530612246,1.1507936507936507
14.833333333333334,1.059375,2.0,1.072562358276644,1.0687830687830688
14.866666666666667,1.225,1.9777777777777779,1.0748299319727892,1.0687830687830688
14.9,1.24375,1.9777777777777779,1.0770975056689343,1.0767195767195767
14.933333333333334,1.01875,2.0944444444444446,1.0045351473922903,1.0767195767195767
14.966666666666667,1.01875,2.0944444444444446,1.0045351473922903,1.0767195767195767
15.0,1.0625,2.1694444444444443,1.2018140589569162,0.9854497354497355
15.033333333333333,1.0625,2.1805555555555554,1.2018140589569162,1.0542328042328042
15.066666666666666,1.0875,2.033333333333333,1.2267573696145124,1.0542328042328042
15.1,1.0875,2.025,1.2267573696145124,1.003968253968254
15.133333333333333,23.078125,1.8833333333333333,9.795918367346939,1.003968253968254
15.166666666666666,23.078125,1.8833333333333333,9.795918367346939,60.895502645502646
15.2,1.05625,92.76944444444445,1.3015873015873016,60.895502645502646
15.233333333333333,1.05625,92.76944444444445,1.417233560090703,60.895502645502646
15.266666666666667,1.040625,1.825,1.3582766439909297,1.0714285714285714
15.3,1.040625,1.9083333333333334,1.492063492063492,1.0277777777777777
15.333333333333334,1.165625,1.6916666666666667,1.3197278911564625,1.0277777777777777
15.366666666666667,1.165625,1.6083333333333334,1.272108843537415,1.0277777777777777
15.4,1.0125,1.7722222222222221,1.4126984126984128,1.0
15.433333333333334,1.0125,1.7722222222222221,1.4126984126984128,1.0436507936507937
15.466666666666667,1.025,1.9111111111111112,1.0,1.0436507936507937
15.5,1.025,1.9111111111111112,1.0680272108843538,1.0145502645502646
15.533333333333333,1.059375,1.6333333333333333,1.2335600907029478,1.0145502645502646
15.566666666666666,1.065625,1.6333333333333333,1.3333333333333333,1.0687830687830688
15.6,0.975,2.0,1.1156462585034013,1.0846560846560847
15.633333333333333,0.975,2.0,1.1156462585034013,1.0343915343915344
15.666666666666666,1.096875,1.7222222222222223,1.1315192743764173,1.0343915343915344
15.7,1.096875,1.7222222222222223,1.1315192743764173,1.1243386243386244
15.733333333333333,1.0,1.7472222222222222,1.126984126984127,1.1243386243386244
15.766666666666667,1.0,1.7472222222222222,1.126984126984127,1.1243386243386244
15.8,1.040625,1.7472222222222222,1.344671201814059,1.1058201058201058
15.833333333333334,1.209375,1.9,1.344671201814059,1.1058201058201058
15.866666666666667,1.209375,1.9361111111111111,1.3378684807256236,1.052910052910053
15.9,1.209375,1.8694444444444445,1.3378684807256236,0.8478835978835979
15.933333333333334,1.315625,1.9027777777777777,1.7619047619047619,0.8478835978835979
15.966666666666667,1.0875,1.9027777777777777,1.7709750566893423,0.8478835978835979
16.0,1.0875,1.988888888888889,1.5124716553287982,0.6904761904761905
16.033333333333335,1.0875,1.9222222222222223,1.5124716553287982,1.0912698412698412
16.066666666666666,1.334375,1.8722222222222222,1.2358276643990929,1.0912698412698412
16.1,1.334375,1.8722222222222222,1.2358276643990929,0.9880952380952381
16.133333333333333,1.0625,1.9944444444444445,1.253968253968254,0.9854497354497355
16.166666666666668,1.0625,1.9944444444444445,1.4467120181405895,0.9880952380952381
16.2,1.259375,1.7555555555555555,1.4467120181405895,0.9920634920634921
16.233333333333334,1.25,1.7555555555555555,1.4467120181405895,1.183862433862434
16.266666666666666,1.1375,1.975,1.0,1.183862433862434
16.3,1.1375,1.975,1.1088435374149659,1.417989417989418
16.333333333333332,1.378125,1.8111111111111111,1.1950113378684808,1.417989417989418
16.366666666666667,1.378125,1.8666666666666667,1.2244897959183674,0.9933862433862434
16.4,1.025,1.9972222222222222,1.0589569160997732,0.9933862433862434
16.433333333333334,1.04375,1.9972222222222222,1.0680272108843538,1.0714285714285714
16.466666666666665,1.021875,2.0,1.199546485260771,1.0714285714285714
16.5,1.021875,2.0,1.2471655328798186,1.0502645502645502
16.533333333333335,1.01875,2.066666666666667,1.0272108843537415,1.0502645502645502
16.566666666666666,1.01875,2.0805555555555557,1.1428571428571428,1.0502645502645502
16.6,1.1375,1.9666666666666666,1.2063492063492063,1.1441798941798942
16.633333333333333,1.175,1.9361111111111111,1.2063492063492063,1.1322751322751323
16.666666666666668,1.03125,1.7805555555555554,1.1904761904761905,1.0912698412698412
16.7,1.03125,1.7805555555555554,1.253968253968254,0.9775132275132276
16.733333333333334,1.040625,1.6333333333333333,1.0952380952380953,0.9775132275132276
16.766666666666666,1.05,1.6333333333333333,1.0952380952380953,1.1058201058201058
16.8,1.090625,1.7805555555555554,1.1496598639455782,1.1058201058201058
16.833333333333332,1.090625,1.7805555555555554,1.1496598639455782,1.2037037037037037
16.866666666666667,1.009375,1.4944444444444445,1.1111111111111112,1.2037037037037037
16.9,1.009375,1.6944444444444444,1.145124716553288,1.037037037037037
16.933333333333334,1.05,1.9333333333333333,1.1473922902494331,1.037037037037037
16.966666666666665,1.05,1.9333333333333333,1.1496598639455782,1.0119047619047619
17.0,1.021875,1.7194444444444446,1.0,1.0462962962962963
17.033333333333335,1.021875,1.7194444444444446,1.0,1.0119047619047619
17.066666666666666,1.075,2.0027777777777778,1.09297052154195,1.0582010582010581
17.1,1.04375,2.0027777777777778,1.129251700680272,1.0582010582010581
17.133333333333333,1.04375,2.111111111111111,1.0226757369614512,0.9947089947089947
17.166666666666668,1.04375,2.111111111111111,1.0226757369614512,0.6296296296296297
17.2,1.084375,1.9777777777777779,1.163265306122449,0.6296296296296297
17.233333333333334,1.084375,1.9777777777777779,1.1473922902494331,0.7354497354497355
17.266666666666666,1.0375,2.0416666666666665,1.0,0.7936507936507936
17.3,1.0375,2.1444444444444444,1.0,0.708994708994709
17.333333333333332,1.1875,1.9111111111111112,1.1768707482993197,0.708994708994709
17.366666666666667,1.1875,2.0527777777777776,1.1768707482993197,0.6706349206349206
17.4,1.078125,2.011111111111111,1.0045351473922903,0.6706349206349206
17.433333333333334,1.078125,2.075,1.0498866213151927,0.7433862433862434
17.466666666666665,0.9375,1.9194444444444445,1.2335600907029478,0.753968253968254
17.5,0.9375,1.9972222222222222,1.2380952380952381,0.7473544973544973
17.533333333333335,1.071875,2.0277777777777777,1.1224489795918366,0.7473544973544973
17.566666666666666,1.071875,1.961111111111111,1.1224489795918366,1.041005291005291
17.6,1.015625,1.8555555555555556,1.0770975056689343,1.041005291005291
17.633333333333333,1.015625,1.8555555555555556,1.0861678004535147,1.041005291005291
17.666666666666668,0.94375,2.0,1.0612244897959184,1.0674603174603174
17.7,0.94375,2.0,1.0612244897959184,1.253968253968254
17.733333333333334,1.096875,1.7805555555555554,1.0952380952380953,1.253968253968254
17.766666666666666,1.096875,1.7805555555555554,1.1428571428571428,1.253968253968254
17.8,1.00625,2.0,1.0975056689342404,1.2222222222222223
17.833333333333332,1.0375,2.0,1.129251700680272,1.2222222222222223
17.866666666666667,1.0375,1.711111111111111,1.2312925170068028,1.283068783068783
17.9,1.0375,1.711111111111111,1.2358276643990929,1.0740740740740742
17.933333333333334,1.0625,1.9777777777777779,1.072562358276644,1.0687830687830688
17.966666666666665,1.0625,1.9777777777777779,1.072562358276644,1.0304232804232805
18.0,1.190625,1.836111111111111,1.1700680272108843,1.0304232804232805
18.033333333333335,1.190625,1.836111111111111,1.2018140589569162,0.9788359788359788
18.066666666666666,1.04375,2.0,1.018140589569161,0.9788359788359788
18.1,1.04375,2.0,1.056689342403628,0.9351851851851852
18.133333333333333,1.19375,1.95,1.4308390022675737,0.9351851851851852
18.166666666666668,1.19375,1.95,1.4308390022675737,0.9351851851851852
18.2,1.078125,2.0,1.4467120181405895,1.0515873015873016
18.233333333333334,1.078125,2.0,1.473922902494331,1.0502645502645502
18.266666666666666,1.121875,1.8472222222222223,1.2018140589569162,1.0502645502645502
18.3,1.090625,1.8472222222222223,1.2018140589569162,1.0502645502645502
18.333333333333332,1.075,2.022222222222222,1.2947845804988662,0.7076719576719577
18.366666666666667,1.090625,2.022222222222222,1.2947845804988662,0.6759259259259259
18.4,1.20625,1.9666666666666666,1.2086167800453516,0.6970899470899471
18.433333333333334,1.209375,1.9666666666666666,1.2267573696145124,0.7513227513227513
18.466666666666665,0.959375,2.1194444444444445,1.0,0.7936507936507936
18.5,0.959375,2.1194444444444445,1.0045351473922903,0.9973544973544973
18.533333333333335,1.18125,1.9333333333333333,1.0702947845804989,0.9973544973544973
18.566666666666666,1.18125,1.9333333333333333,1.1088435374149659,0.6402116402116402
18.6,1.0625,2.161111111111111,1.2335600907029478,0.6441798941798942
18.633333333333333,1.0625,2.161111111111111,1.2335600907029478,0.7394179894179894
18.666666666666668,1.03125,2.075,1.2335600907029478,0.7394179894179894
18.7,1.05,2.175,1.0,0.7394179894179894
18.733333333333334,1.05,1.9416666666666667,1.1859410430839001,0.6574074074074074
18.766666666666666,1.05,2.0527777777777776,1.0770975056689343,0.667989417989418
18.8,1.109375,1.8805555555555555,1.3582766439909297,0.7433862433862434
18.833333333333332,1.109375,1.8805555555555555,1.3582766439909297,0.7447089947089947
18.866666666666667,1.021875,2.0305555555555554,1.1088435374149659,0.6997354497354498
18.9,1.021875,2.0305555555555554,1.0,0.7592592592592593
18.933333333333334,1.021875,1.9222222222222223,1.3015873015873016,0.7592592592592593
18.966666666666665,1.021875,1.9222222222222223,1.3764172335600906,0.6904761904761905
19.0,0.771875,1.9666666666666666,1.1156462585034013,0.6851851851851852
19.033333333333335,0.846875,2.172222222222222,1.2335600907029478,0.7037037037037037
19.066666666666666,1.059375,2.1055555555555556,1.2834467120181405,0.7023809523809523
19.1,1.059375,2.202777777777778,1.2834467120181405,0.7076719576719577
19.133333333333333,0.996875,2.1333333333333333,1.2834467120181405,0.7076719576719577
19.166666666666668,0.996875,2.0555555555555554,1.2993197278911566,0.6891534391534392
19.2,1.23125,1.8916666666666666,1.2607709750566893,0.6891534391534392
19.233333333333334,1.23125,1.9027777777777777,1.036281179138322,0.7076719576719577
19.266666666666666,1.265625,1.95,1.5147392290249433,0.7076719576719577
19.3,1.328125,1.95,1.3219954648526078,0.708994708994709
19.333333333333332,1.128125,1.9694444444444446,1.1655328798185942,0.708994708994709
19.366666666666667,1.128125,1.9638888888888888,1.1723356009070294,1.0198412698412698
19.4,1.15,1.9638888888888888,1.0861678004535147,1.0198412698412698
19.433333333333334,1.15,1.8777777777777778,1.2040816326530612,1.3849206349206349
19.466666666666665,1.046875,1.8111111111111111,1.1927437641723355,1.3849206349206349
19.5,1.046875,1.8111111111111111,1.2244897959183674,1.2936507936507937
19.533333333333335,1.015625,1.7805555555555554,1.0,1.2936507936507937
19.566666666666666,1.015625,1.7805555555555554,1.0,1.2619047619047619
19.6,0.925,1.7361111111111112,1.2018140589569162,1.2619047619047619
19.633333333333333,0.925,1.7361111111111112,1.2018140589569162,1.1547619047619047
19.666666666666668,1.009375,1.761111111111111,1.2630385487528344,1.1547619047619047
19.7,1.009375,1.7277777777777779,1.2925170068027212,1.0251322751322751
19.733333333333334,1.11875,1.6416666666666666,1.08843537414966,1.0251322751322751
19.766666666666666,1.11875,1.6416666666666666,1.1043083900226758,1.0251322751322751
19.8,1.115625,2.1166666666666667,1.1882086167800454,0.9351851851851852
19.833333333333332,1.10625,2.1166666666666667,1.1882086167800454,1.052910052910053
19.866666666666667,1.396875,1.7222222222222223,1.124716553287982,1.052910052910053
19.9,1.403125,1.7222222222222223,1.1383219954648527,1.0132275132275133
19.933333333333334,1.05,2.0,1.0317460317460319,1.0132275132275133
19.966666666666665,1.075,2.0027777777777778,1.0317460317460319,1.033068783068783
20.0,1.23125,1.8138888888888889,1.1428571428571428,1.0343915343915344
20.033333333333335,1.23125,1.8277777777777777,1.1746031746031746,0.9682539682539683
20.066666666666666,1.15625,1.8277777777777777,1.199546485260771,0.9682539682539683
20.1,1.15625,1.8277777777777777,1.2494331065759636,1.0912698412698412
20.133333333333333,1.1,1.788888888888889,1.4444444444444444,1.08994708994709
20.166666666666668,1.1,1.788888888888889,1.4444444444444444,1.0912698412698412
20.2,1.159375,1.8722222222222222,1.4444444444444444,1.0277777777777777
20.233333333333334,1.159375,1.8611111111111112,1.09297052154195,0.9920634920634921
20.266666666666666,1.071875,1.75,1.3605442176870748,0.9920634920634921
20.3,1.071875,1.75,1.3605442176870748,0.9947089947089947
20.333333333333332,1.009375,1.9805555555555556,1.3265306122448979,0.9947089947089947
20.366666666666667,1.009375,1.9805555555555556,1.3265306122448979,0.996031746031746
20.4,0.975,1.7861111111111112,1.4875283446712018,0.996031746031746
20.433333333333334,0.975,1.7861111111111112,1.4875283446712018,0.9814814814814815
20.466666666666665,1.046875,1.8694444444444445,1.3492063492063493,0.9814814814814815
20.5,1.075,1.6583333333333334,1.3900226757369614,1.0502645502645502
20.533333333333335,1.06875,1.6583333333333334,1.2267573696145124,1.0502645502645502
20.566666666666666,1.06875,1.6583333333333334,1.2267573696145124,1.1256613756613756
20.6,1.04375,1.6777777777777778,1.219954648526077,1.1256613756613756
20.633333333333333,1.078125,1.6666666666666667,1.2653061224489797,1.220899470899471
20.666666666666668,1.11875,1.6916666666666667,1.3741496598639455,1.220899470899471
20.7,1.096875,1.6916666666666667,1.4580498866213152,1.220899470899471
20.733333333333334,1.096875,1.8694444444444445,1.1700680272108843,1.2222222222222223
20.766666666666666,1.096875,1.8694444444444445,1.2653061224489797,1.3015873015873016
20.8,1.2875,1.725,1.18140589569161,1.3015873015873016
20.833333333333332,1.2875,1.725,1.18140589569161,1.1005291005291005
20.866666666666667,1.1125,2.0444444444444443,1.3242630385487528,1.1005291005291005
20.9,1.1125,2.0444444444444443,1.528344671201814,1.0873015873015872
20.933333333333334,1.2125,2.102777777777778,1.2947845804988662,1.0873015873015872
20.966666666666665,1.2125,2.102777777777778,1.3038548752834467,1.1335978835978835
21.0,1.05,2.0444444444444443,1.1043083900226758,1.1111111111111112
21.033333333333335,1.30625,2.1083333333333334,1.1043083900226758,1.1335978835978835
21.066666666666666,1.30625,1.8222222222222222,1.2063492063492063,1.1335978835978835
21.1,1.30625,1.8222222222222222,1.2063492063492063,1.097883597883598
21.133333333333333,1.140625,1.775,1.0090702947845804,1.097883597883598
21.166666666666668,1.140625,1.6861111111111111,1.0634920634920635,1.0
21.2,1.19375,1.7805555555555554,1.2108843537414966,1.0
21.233333333333334,1.19375,1.7805555555555554,1.2108843537414966,0.9973544973544973
21.266666666666666,1.13125,1.9527777777777777,1.0,0.9973544973544973
21.3,1.125,1.725,1.0816326530612246,1.0489417989417988
21.333333333333332,1.125,1.725,1.2857142857142858,1.0489417989417988
21.366666666666667,1.0375,1.725,1.2857142857142858,1.0489417989417988
21.4,1.103125,1.95,1.0,0.996031746031746
21.433333333333334,1.0375,1.7777777777777777,1.0,0.996031746031746
21.466666666666665,1.20625,1.7583333333333333,1.2811791383219955,1.0026455026455026
21.5,1.20625,1.7583333333333333,1.2811791383219955,0.7658730158730159
21.533333333333335,0.98125,1.7944444444444445,1.08843537414966,0.7764550264550265
21.566666666666666,0.98125,1.7944444444444445,1.034013605442177,1.1415343915343916
21.6,1.275,1.6916666666666667,1.2675736961451247,1.1441798941798942
21.633333333333333,1.275,1.6916666666666667,1.2675736961451247,1.2738095238095237
21.666666666666668,1.090625,1.7833333333333334,1.256235827664399,1.2738095238095237
21.7,1.0625,1.7277777777777779,1.310657596371882,0.9973544973544973
21.733333333333334,1.1,1.75,1.272108843537415,0.9973544973544973
21.766666666666666,1.1,1.75,1.2811791383219955,0.9973544973544973
21.8,1.009375,1.7277777777777779,1.272108843537415,1.2116402116402116
21.833333333333332,1.046875,1.7305555555555556,1.1179138321995465,1.3756613756613756
21.866666666666667,1.184375,1.7555555555555555,1.1133786848072562,1.3756613756613756
21.9,1.06875,1.7555555555555555,1.1133786848072562,1.3756613756613756
21.933333333333334,1.06875,1.9777777777777779,1.18140589569161,1.0317460317460319
21.966666666666665,1.053125,1.9777777777777779,1.2879818594104309,1.2764550264550265
22.0,1.021875,1.8527777777777779,1.126984126984127,1.2764550264550265
22.033333333333335,1.021875,1.8055555555555556,1.126984126984127,1.3002645502645502
22.066666666666666,1.146875,1.8055555555555556,1.0,1.2301587301587302
22.1,1.146875,1.8055555555555556,1.0,1.4193121693121693
22.133333333333333,1.1875,1.7305555555555556,1.1541950113378685,1.4193121693121693
22.166666666666668,1.1875,1.7305555555555556,1.1882086167800454,1.2685185185185186
22.2,1.1375,1.7138888888888888,1.0975056689342404,1.2685185185185186
22.233333333333334,1.1375,1.7138888888888888,1.0975056689342404,1.279100529100529
22.266666666666666,1.1125,1.8083333333333333,1.2290249433106577,1.279100529100529
22.3,1.0125,1.8416666666666666,1.2426303854875282,1.2116402116402116
22.333333333333332,1.0125,1.8888888888888888,1.0,1.2116402116402116
22.366666666666667,1.0125,1.8888888888888888,1.0,1.2116402116402116
22.4,1.05,1.7166666666666666,1.2766439909297052,0.7195767195767195
22.433333333333334,1.05,1.7166666666666666,1.2766439909297052,0.6957671957671958
22.466666666666665,1.05,1.9916666666666667,1.0,0.6957671957671958
22.5,1.05,1.7027777777777777,1.1791383219954648,0.783068783068783
22.533333333333335,1.16875,1.7027777777777777,1.1768707482993197,0.7817460317460317
22.566666666666666,1.16875,1.7027777777777777,1.1791383219954648,0.8002645502645502
22.6,0.95625,1.4222222222222223,1.0,0.8002645502645502
22.633333333333333,0.95625,1.4222222222222223,1.0,1.1507936507936507
22.666666666666668,1.00625,1.5472222222222223,1.0136054421768708,1.1507936507936507
22.7,1.00625,1.5472222222222223,1.036281179138322,0.8849206349206349
22.733333333333334,1.309375,2.0,1.018140589569161,0.9404761904761905
22.766666666666666,1.240625,1.7666666666666666,1.018140589569161,0.8611111111111112
22.8,1.109375,1.7666666666666666,1.2653061224489797,0.8611111111111112
22.833333333333332,1.109375,1.775,1.253968253968254,0.8597883597883598
22.866666666666667,1.046875,1.9861111111111112,1.0952380952380953,0.8584656084656085
22.9,1.046875,1.85,1.1315192743764173,0.791005291005291
22.933333333333334,1.14375,1.6388888888888888,1.3129251700680271,0.791005291005291
22.966666666666665,1.14375,1.7277777777777779,1.3310657596371882,0.8121693121693122
23.0,1.0125,1.9666666666666666,1.0521541950113378,0.8121693121693122
23.033333333333335,1.0125,1.9555555555555555,1.0521541950113378,0.8121693121693122
23.066666666666666,1.01875,1.6944444444444444,1.199546485260771,0.8002645502645502
23.1,1.01875,1.6944444444444444,1.2040816326530612,0.8267195767195767
23.133333333333333,1.078125,1.6972222222222222,1.1723356009070294,0.8531746031746031
23.166666666666668,1.078125,1.6972222222222222,1.18140589569161,3.9537037037037037
23.2,104.75,9.813888888888888,43.89569160997733,3.9537037037037037
23.233333333333334,104.75,9.813888888888888,43.89569160997733,6.501322751322752
23.266666666666666,0.959375,2.0,1.0,6.361111111111111
23.3,0.959375,1.8805555555555555,1.090702947845805,0.7248677248677249
23.333333333333332,1.296875,1.8805555555555555,1.0861678004535147,0.7248677248677249
23.366666666666667,1.296875,1.8805555555555555,1.090702947845805,1.0198412698412698
23.4,1.040625,2.1444444444444444,1.038548752834467,1.0277777777777777
23.433333333333334,1.040625,2.1444444444444444,1.0589569160997732,0.7076719576719577
23.466666666666665,1.009375,2.0805555555555557,1.072562358276644,0.7076719576719577
23.5,1.009375,2.0805555555555557,1.072562358276644,0.9351851851851852
23.533333333333335,0.99375,2.236111111111111,1.036281179138322,0.9444444444444444
23.566666666666666,0.99375,2.186111111111111,1.036281179138322,0.906084656084656
23.6,1.028125,1.7638888888888888,1.1383219954648527,0.906084656084656
23.633333333333333,1.028125,1.7638888888888888,1.1791383219954648,0.8994708994708994
23.666666666666668,1.103125,2.0,1.1473922902494331,0.9021164021164021
23.7,1.103125,1.8666666666666667,1.1201814058956916,0.8624338624338624
23.733333333333334,1.184375,1.8666666666666667,1.1201814058956916,0.8624338624338624
23.766666666666666,1.184375,1.8666666666666667,1.1315192743764173,0.7751322751322751
23.8,1.178125,1.5444444444444445,1.090702947845805,0.7962962962962963
23.833333333333332,1.178125,1.5333333333333334,1.090702947845805,0.7671957671957672
23.866666666666667,26.3875,1.7833333333333334,53.523809523809526,0.7671957671957672
23.9,26.3875,1.7833333333333334,53.523809523809526,12.574074074074074
23.933333333333334,91.90625,11.955555555555556,1.1564625850340136,12.57010582010582
23.966666666666665,91.90625,1.7305555555555556,1.219954648526077,0.7579365079365079
24.0,1.25,1.7305555555555556,1.1360544217687074,0.7579365079365079
24.033333333333335,1.25,1.711111111111111,1.072562358276644,0.708994708994709
24.066666666666666,1.0,1.6861111111111111,1.0657596371882085,0.708994708994709
24.1,1.0,1.8722222222222222,1.0657596371882085,0.9272486772486772
24.133333333333333,1.00625,1.5694444444444444,1.0861678004535147,0.9272486772486772
24.166666666666668,1.00625,1.5694444444444444,1.0861678004535147,0.9272486772486772
24.2,1.05625,1.7666666666666666,1.1201814058956916,0.7195767195767195
24.233333333333334,1.05625,1.7666666666666666,1.1201814058956916,1.0238095238095237
24.266666666666666,1.175,1.8194444444444444,1.1768707482993197,1.0238095238095237
24.3,1.175,1.8194444444444444,1.1768707482993197,0.9232804232804233
24.333333333333332,1.146875,1.9555555555555555,1.0430839002267573,0.917989417989418
24.366666666666667,1.196875,1.9333333333333333,1.0634920634920635,0.83994708994709
24.4,1.10625,1.9666666666666666,1.1519274376417235,0.83994708994709
24.433333333333334,1.10625,1.9666666666666666,1.1768707482993197,0.8359788359788359
24.466666666666665,1.0625,2.5277777777777777,1.018140589569161,0.8346560846560847
24.5,1.1,2.5277777777777777,1.018140589569161,0.966931216931217
24.533333333333335,1.125,2.0694444444444446,52.698412698412696,0.9947089947089947
24.566666666666666,1.125,2.0694444444444446,52.698412698412696,12.80026455026455
24.6,116.859375,12.411111111111111,1.2290249433106577,12.80026455026455
24.633333333333333,116.859375,12.411111111111111,1.2222222222222223,1.082010582010582
24.666666666666668,1.303125,1.725,1.2018140589569162,1.082010582010582
24.7,1.04375,1.725,1.2108843537414966,1.082010582010582
24.733333333333334,1.06875,1.6277777777777778,1.2335600907029478,1.0052910052910053
24.766666666666666,1.04375,1.7166666666666666,1.3537414965986394,1.0714285714285714
24.8,1.10625,1.875,1.3968253968253967,1.0740740740740742
24.833333333333332,1.10625,1.875,1.4104308390022675,1.0780423280423281
24.866666666666667,1.06875,2.2444444444444445,1.1315192743764173,1.0753968253968254
24.9,1.06875,1.8972222222222221,1.124716553287982,1.0753968253968254
24.933333333333334,1.265625,2.0277777777777777,1.215419501133787,1.1507936507936507
24.966666666666665,1.259375,2.022222222222222,1.2267573696145124,1.0767195767195767
25.0,1.178125,1.9805555555555556,1.2698412698412698,1.1296296296296295
25.033333333333335,1.178125,2.1055555555555556,1.3038548752834467,1.0224867724867726
25.066666666666666,1.05,2.0055555555555555,1.0,1.0542328042328042
25.1,1.05,2.0055555555555555,1.0136054421768708,1.0013227513227514
25.133333333333333,1.05625,1.8944444444444444,1.1043083900226758,1.0013227513227514
25.166666666666668,1.05625,1.8944444444444444,1.1111111111111112,1.066137566137566
25.2,0.9625,2.0055555555555555,1.0090702947845804,1.066137566137566
25.233333333333334,0.9625,12.769444444444444,53.34467120181406,13.015873015873016
25.266666666666666,117.71875,12.769444444444444,53.35600907029478,13.015873015873016
25.3,117.71875,1.9666666666666666,53.35600907029478,13.015873015873016
25.333333333333332,0.990625,2.0166666666666666,1.126984126984127,1.0780423280423281
25.366666666666667,0.990625,2.011111111111111,1.0997732426303855,1.0780423280423281
25.4,1.0875,2.013888888888889,1.124716553287982,1.1150793650793651
25.433333333333334,1.0625,2.15,1.1383219954648527,1.1164021164021165
25.466666666666665,1.0625,2.0277777777777777,1.0090702947845804,1.0740740740740742
25.5,0.94375,2.0277777777777777,1.0090702947845804,1.0714285714285714
25.533333333333335,0.94375,2.066666666666667,1.036281179138322,1.060846560846561
25.566666666666666,1.209375,2.111111111111111,1.036281179138322,1.1005291005291005
25.6,1.109375,2.111111111111111,1.0408163265306123,1.1071428571428572
25.633333333333333,1.271875,2.35,1.1088435374149659,1.0793650793650793
25.666666666666668,1.134375,2.061111111111111,1.1088435374149659,1.0793650793650793
25.7,1.134375,2.061111111111111,1.1088435374149659,1.0793650793650793
25.733333333333334,1.115625,2.311111111111111,1.1360544217687074,1.0383597883597884
25.766666666666666,1.115625,1.9777777777777779,1.1360544217687074,1.1203703703703705
25.8,1.103125,2.161111111111111,1.1655328798185942,1.1203703703703705
25.833333333333332,1.115625,2.161111111111111,1.1678004535147393,1.0092592592592593
25.866666666666667,1.040625,2.1055555555555556,1.0521541950113378,1.003968253968254
25.9,1.140625,2.2083333333333335,1.2426303854875282,1.0833333333333333
25.933333333333334,1.140625,1.825,1.3900226757369614,1.0833333333333333
25.966666666666665,1.140625,1.825,1.3900226757369614,1.0833333333333333
26.0,118.228125,12.316666666666666,53.91609977324263,13.335978835978835
26.033333333333335,1.165625,1.7777777777777777,53.91609977324263,0.9246031746031746
26.066666666666666,1.165625,1.7777777777777777,1.2312925170068028,0.9246031746031746
26.1,1.090625,1.7777777777777777,1.253968253968254,0.9246031746031746
26.133333333333333,1.090625,2.0833333333333335,1.1496598639455782,0.8849206349206349
26.166666666666668,1.090625,2.0833333333333335,1.1791383219954648,0.7420634920634921
26.2,1.2125,1.961111111111111,1.1111111111111112,0.7407407407407407
26.233333333333334,1.20625,1.961111111111111,1.1111111111111112,1.1785714285714286
26.266666666666666,1.0375,2.1333333333333333,1.0680272108843538,1.1785714285714286
26.3,1.0375,2.1333333333333333,1.1133786848072562,1.060846560846561
26.333333333333332,1.146875,1.988888888888889,1.2494331065759636,1.0555555555555556
26.366666666666667,1.146875,1.988888888888889,1.290249433106576,1.1613756613756614
26.4,1.06875,2.15,1.0612244897959184,1.1137566137566137
26.433333333333334,1.06875,2.033333333333333,1.0612244897959184,1.1256613756613756
26.466666666666665,1.075,1.9861111111111112,1.219954648526077,1.1256613756613756
26.5,1.0125,1.9861111111111112,1.219954648526077,1.1256613756613756
26.533333333333335,1.0125,2.111111111111111,1.3038548752834467,0.7711640211640212
26.566666666666666,1.10625,2.061111111111111,1.1564625850340136,0.7711640211640212
26.6,1.10625,2.111111111111111,1.435374149659864,0.7486772486772487
26.633333333333333,1.10625,2.111111111111111,1.4149659863945578,0.7936507936507936
26.666666666666668,1.115625,2.236111111111111,1.0612244897959184,0.7936507936507936
26.7,1.128125,2.1305555555555555,1.1156462585034013,1.0687830687830688
26.733333333333334,1.128125,2.1305555555555555,1.2222222222222223,1.0687830687830688
26.766666666666666,1.128125,2.1305555555555555,1.2448979591836735,0.9272486772486772
26.8,1.090625,2.1277777777777778,1.0,0.9695767195767195
26.833333333333332,1.090625,2.013888888888889,1.0793650793650793,1.0449735449735449
26.866666666666667,1.203125,2.013888888888889,1.072562358276644,1.0449735449735449
26.9,1.203125,2.013888888888889,1.129251700680272,1.0449735449735449
26.933333333333334,1.271875,2.063888888888889,1.1133786848072562,1.0052910052910053
26.966666666666665,1.271875,2.147222222222222,1.1337868480725624,1.1097883597883598
27.0,1.1,2.0694444444444446,1.1088435374149659,1.1097883597883598
27.033333333333335,1.1,2.0694444444444446,1.1133786848072562,1.0436507936507937
27.066666666666666,0.95625,2.0944444444444446,1.0,1.0171957671957672
27.1,1.18125,2.0944444444444446,1.0,1.0502645502645502
27.133333333333333,1.18125,1.7444444444444445,1.2018140589569162,1.1005291005291005
27.166666666666668,1.05625,1.9638888888888888,1.2063492063492063,1.0727513227513228
27.2,1.05625,1.9777777777777779,1.0,1.0806878306878307
27.233333333333334,1.1,1.9638888888888888,1.0,1.1706349206349207
27.266666666666666,1.1,2.0305555555555554,1.038548752834467,1.1706349206349207
27.3,1.1,2.0305555555555554,1.038548752834467,1.126984126984127
27.333333333333332,1.0375,2.4055555555555554,1.0294784580498866,1.1322751322751323
27.366666666666667,1.0375,2.261111111111111,1.0294784580498866,0.6759259259259259
27.4,0.96875,2.0833333333333335,1.2879818594104309,0.6759259259259259
27.433333333333334,0.96875,2.0833333333333335,1.3696145124716552,0.7923280423280423
27.466666666666665,1.046875,1.7638888888888888,1.036281179138322,0.7923280423280423
27.5,1.046875,1.836111111111111,1.036281179138322,1.056878306878307
27.533333333333335,1.11875,1.836111111111111,1.1791383219954648,1.056878306878307
27.566666666666666,1.11875,1.9361111111111111,1.034013605442177,1.0925925925925926
27.6,1.015625,1.9111111111111112,1.034013605442177,1.0925925925925926
27.633333333333333,1.015625,1.7972222222222223,1.0861678004535147,1.093915343915344
27.666666666666668,1.0625,1.7972222222222223,1.0657596371882085,1.093915343915344
27.7,1.115625,1.7972222222222223,1.0657596371882085,1.093915343915344
27.733333333333334,1.115625,1.863888888888889,1.1473922902494331,1.0132275132275133
27.766666666666666,1.115625,1.863888888888889,1.2471655328798186,1.082010582010582
27.8,1.13125,1.7472222222222222,1.2585034013605443,1.0806878306878307
27.833333333333332,1.13125,1.738888888888889,1.290249433106576,0.9986772486772487
27.866666666666667,1.134375,1.9111111111111112,1.0113378684807257,0.9867724867724867
27.9,1.090625,1.8527777777777779,1.163265306122449,1.0753968253968254
27.933333333333334,1.090625,1.8527777777777779,1.2653061224489797,1.0793650793650793
27.966666666666665,1.090625,1.8527777777777779,1.2675736961451247,0.7261904761904762
28.0,1.09375,1.95,1.0226757369614512,0.7261904761904762
28.033333333333335,1.078125,1.8583333333333334,1.342403628117914,0.7870370370370371
28.066666666666666,1.565625,1.863888888888889,1.3219954648526078,0.7870370370370371
28.1,1.56875,1.863888888888889,1.27437641723356,0.7870370370370371
28.133333333333333,1.0875,1.9972222222222222,1.2063492063492063,0.701058201058201
28.166666666666668,1.0875,1.9972222222222222,1.219954648526077,0.6613756613756614
28.2,1.203125,1.836111111111111,1.4104308390022675,0.6613756613756614
28.233333333333334,1.2125,1.836111111111111,1.4058956916099774,1.0515873015873016
28.266666666666666,1.2375,2.0,1.253968253968254,1.0224867724867726
28.3,1.2125,2.0,1.253968253968254,1.1005291005291005
28.333333333333332,1.0875,1.7666666666666666,1.2335600907029478,1.1005291005291005
28.366666666666667,1.109375,1.9194444444444445,1.2335600907029478,0.9814814814814815
28.4,1.109375,1.9194444444444445,1.2335600907029478,0.9814814814814815
28.433333333333334,1.109375,1.9194444444444445,1.4489795918367347,1.0211640211640212
28.466666666666665,1.14375,1.8416666666666666,1.3333333333333333,1.0211640211640212
28.5,1.13125,1.8416666666666666,1.3582766439909297,0.9841269841269841
28.533333333333335,1.1875,1.9111111111111112,1.308390022675737,0.9907407407407407
28.566666666666666,1.196875,1.9111111111111112,1.0702947845804989,1.037037037037037
28.6,1.15625,1.9555555555555555,1.2358276643990929,1.037037037037037
28.633333333333333,1.021875,1.9555555555555555,1.2630385487528344,0.9841269841269841
28.666666666666668,1.03125,2.0055555555555555,1.036281179138322,0.9841269841269841
28.7,1.0625,2.0055555555555555,1.036281179138322,1.037037037037037
28.733333333333334,1.0625,1.825,1.4784580498866213,1.037037037037037
28.766666666666666,1.0625,1.825,1.5442176870748299,0.6798941798941799
28.8,1.309375,1.7222222222222223,1.1678004535147393,0.6798941798941799
28.833333333333332,1.134375,1.7305555555555556,1.2086167800453516,0.6957671957671958
28.866666666666667,1.13125,1.8666666666666667,1.0997732426303855,0.6957671957671958
28.9,1.178125,1.8666666666666667,1.1043083900226758,0.6957671957671958
28.933333333333334,1.025,2.0,1.0,0.7619047619047619
28.966666666666665,1.06875,2.0027777777777778,1.0,0.7658730158730159
29.0,1.090625,1.9527777777777777,1.2222222222222223,0.671957671957672
29.033333333333335,1.075,2.047222222222222,1.2426303854875282,0.671957671957672
29.066666666666666,1.075,2.183333333333333,1.3650793650793651,0.6706349206349206
29.1,1.075,2.183333333333333,1.4104308390022675,0.7857142857142857
29.133333333333333,1.121875,2.227777777777778,1.1587301587301588,0.7857142857142857
29.166666666666668,1.121875,2.283333333333333,1.18140589569161,0.7685185185185185
29.2,1.071875,1.9833333333333334,1.0,0.7685185185185185
29.233333333333334,1.071875,1.6694444444444445,1.0,0.8002645502645502
29.266666666666666,1.209375,1.625,1.2426303854875282,0.8002645502645502
29.3,1.034375,1.9,1.2947845804988662,0.6613756613756614
29.333333333333332,1.034375,1.8888888888888888,1.0589569160997732,0.6613756613756614
29.366666666666667,1.034375,1.8888888888888888,1.072562358276644,0.7261904761904762
29.4,1.209375,1.886111111111111,1.0793650793650793,0.7261904761904762
29.433333333333334,1.209375,1.886111111111111,1.0793650793650793,1.0740740740740742
29.466666666666665,1.15,1.738888888888889,1.1927437641723355,1.0740740740740742
29.5,1.15,1.738888888888889,1.2063492063492063,1.1044973544973544
29.533333333333335,1.09375,1.7416666666666667,1.0589569160997732,1.0833333333333333
29.566666666666666,1.09375,1.8527777777777779,1.0997732426303855,0.9087301587301587
29.6,1.096875,1.9416666666666667,1.0997732426303855,0.9642857142857143
29.633333333333333,1.096875,1.7638888888888888,1.0997732426303855,0.9894179894179894
29.666666666666668,1.134375,1.7638888888888888,1.1020408163265305,0.9894179894179894
29.7,1.134375,1.7638888888888888,1.2471655328798186,0.9894179894179894
29.733333333333334,1.20625,1.8833333333333333,1.2471655328798186,1.0251322751322751
29.766666666666666,1.209375,1.85,1.2630385487528344,0.6825396825396826
29.8,1.071875,1.7055555555555555,1.2063492063492063,0.6521164021164021
29.833333333333332,0.95,1.7055555555555555,1.0317460317460319,1.07010582010582
29.866666666666667,0.95,1.6527777777777777,1.1179138321995465,1.0687830687830688
29.9,0.95,1.6527777777777777,1.1179138321995465,1.0740740740740742
29.933333333333334,0.965625,1.6527777777777777,1.1179138321995465,1.0740740740740742
29.966666666666665,1.025,1.8138888888888889,1.1224489795918366,0.6164021164021164
30.0,1.05625,1.8555555555555556,1.0770975056689343,0.6164021164021164
30.033333333333335,1.05625,1.8138888888888889,1.0657596371882085,0.6164021164021164
30.066666666666666,0.99375,1.8111111111111111,1.2471655328798186,0.6097883597883598
30.1,1.0375,1.8111111111111111,1.253968253968254,0.6097883597883598
30.133333333333333,1.040625,2.186111111111111,1.2131519274376417,0.6891534391534392
30.166666666666668,1.10625,2.0527777777777776,1.6281179138321995,0.951058201058201
30.2,1.10625,1.9416666666666667,1.5396825396825398,0.951058201058201
30.233333333333334,1.10625,1.9416666666666667,1.5396825396825398,0.6097883597883598
30.266666666666666,19.171875,86.0,8.004535147392291,0.6097883597883598
30.3,19.225,1.8805555555555555,8.004535147392291,53.714285714285715
30.333333333333332,1.034375,1.8805555555555555,1.3015873015873016,53.714285714285715
30.366666666666667,1.034375,1.8805555555555555,1.3219954648526078,0.7777777777777778
30.4,1.134375,1.9722222222222223,1.0861678004535147,0.7777777777777778
30.433333333333334,1.146875,1.9722222222222223,1.0861678004535147,0.6507936507936508
30.466666666666665,1.1875,1.5583333333333333,1.1746031746031746,0.6507936507936508
30.5,1.08125,1.5583333333333333,1.3038548752834467,0.6507936507936508
30.533333333333335,1.08125,1.7666666666666666,1.1383219954648527,0.7420634920634921
30.566666666666666,1.140625,1.7666666666666666,1.1405895691609977,0.7420634920634921
30.6,1.140625,1.613888888888889,1.2244897959183674,1.2010582010582012
30.633333333333333,1.140625,1.613888888888889,1.2244897959183674,1.2037037037037037
30.666666666666668,1.225,1.7277777777777779,1.2244897959183674,1.056878306878307
30.7,1.24375,1.7333333333333334,1.2244897959183674,1.0595238095238095
30.733333333333334,1.20625,1.7333333333333334,1.2244897959183674,1.056878306878307
30.766666666666666,1.01875,2.0,1.036281179138322,0.8227513227513228
30.8,1.06875,2.0,1.0,0.8227513227513228
30.833333333333332,1.06875,2.0,1.0,1.0185185185185186
30.866666666666667,1.059375,1.7361111111111112,1.2063492063492063,1.0158730158730158
30.9,1.059375,1.7361111111111112,1.251700680272109,1.0158730158730158
30.933333333333334,1.30625,1.7361111111111112,1.1133786848072562,1.0158730158730158
30.966666666666665,1.30625,1.7555555555555555,1.1133786848072562,1.0158730158730158
31.0,1.05625,1.7277777777777779,1.0770975056689343,0.9537037037037037
31.033333333333335,1.05625,1.7277777777777779,1.090702947845805,1.003968253968254
31.066666666666666,1.125,1.7361111111111112,1.0226757369614512,1.0013227513227514
31.1,1.134375,1.925,1.056689342403628,0.7513227513227513
31.133333333333333,1.125,1.925,1.0476190476190477,0.7513227513227513
31.166666666666668,1.04375,1.925,1.0272108843537415,0.8055555555555556
31.2,1.0125,1.9333333333333333,1.0272108843537415,0.8055555555555556
31.233333333333334,1.0125,1.9666666666666666,1.217687074829932,0.7129629629629629
31.266666666666666,1.2,1.6916666666666667,1.2675736961451247,0.7129629629629629
31.3,1.2,1.6916666666666667,1.27437641723356,0.7129629629629629
31.333333333333332,1.21875,1.6916666666666667,1.0,0.8505291005291006
31.366666666666667,1.221875,1.6944444444444444,1.0,0.8452380952380952
31.4,1.125,1.711111111111111,1.1405895691609977,0.7275132275132276
31.433333333333334,1.125,1.6583333333333334,1.1405895691609977,0.7275132275132276
31.466666666666665,1.209375,1.4972222222222222,1.0952380952380953,0.6547619047619048
31.5,1.209375,1.4972222222222222,1.1383219954648527,0.6547619047619048
31.533333333333335,1.165625,1.7333333333333334,1.0680272108843538,0.7367724867724867
31.566666666666666,1.165625,1.7527777777777778,1.1065759637188208,0.746031746031746
31.6,1.075,1.6527777777777777,1.0408163265306123,0.7473544973544973
31.633333333333333,1.075,1.7305555555555556,1.1904761904761905,1.0714285714285714
31.666666666666668,1.175,1.6805555555555556,1.1519274376417235,1.0714285714285714
31.7,1.175,1.6805555555555556,1.1564625850340136,1.0714285714285714
31.733333333333334,1.178125,1.8722222222222222,1.1564625850340136,1.167989417989418
31.766666666666666,1.140625,1.8277777777777777,1.0317460317460319,1.16005291005291
31.8,1.2,1.8222222222222222,1.0317460317460319,0.8373015873015873
31.833333333333332,1.109375,1.8222222222222222,1.0,0.7738095238095238
31.866666666666667,1.109375,1.775,1.1111111111111112,0.7857142857142857
31.9,1.109375,1.7916666666666667,1.1791383219954648,0.7738095238095238
31.933333333333334,1.175,1.761111111111111,1.0861678004535147,0.7817460317460317
31.966666666666665,1.175,1.8833333333333333,1.2244897959183674,0.7817460317460317
32.0,1.065625,1.8083333333333333,1.0272108843537415,0.7579365079365079
32.03333333333333,1.096875,1.7861111111111112,1.0589569160997732,0.7579365079365079
32.06666666666667,1.190625,2.0194444444444444,1.1179138321995465,0.8161375661375662
32.1,1.115625,2.0194444444444444,1.1383219954648527,0.8161375661375662
32.13333333333333,1.10625,2.0194444444444444,1.0430839002267573,0.7526455026455027
32.166666666666664,1.115625,2.0416666666666665,1.0430839002267573,0.7526455026455027
32.2,1.303125,1.9055555555555554,1.072562358276644,0.8452380952380952
32.233333333333334,1.303125,1.9055555555555554,1.072562358276644,0.8452380952380952
32.266666666666666,1.08125,2.1666666666666665,1.0521541950113378,0.7870370370370371
32.3,1.0625,2.1666666666666665,1.0521541950113378,0.7870370370370371
32.333333333333336,1.25625,1.988888888888889,1.072562358276644,0.7116402116402116
32.36666666666667,1.24375,2.0,1.0839002267573696,0.8835978835978836
32.4,1.146875,1.9944444444444445,1.056689342403628,0.8835978835978836
32.43333333333333,1.146875,1.9944444444444445,1.056689342403628,0.8134920634920635
32.46666666666667,1.171875,1.6861111111111111,1.056689342403628,0.8134920634920635
32.5,1.171875,1.6861111111111111,1.1065759637188208,0.8134920634920635
32.53333333333333,1.103125,1.6972222222222222,1.0770975056689343,0.8571428571428571
32.56666666666667,1.103125,1.6972222222222222,1.1859410430839001,0.7738095238095238
32.6,1.24375,1.6972222222222222,1.1541950113378685,0.7738095238095238
32.63333333333333,1.24375,1.9222222222222223,1.1564625850340136,0.7738095238095238
32.666666666666664,1.090625,1.961111111111111,1.0226757369614512,0.9153439153439153
32.7,1.090625,1.8972222222222221,1.1315192743764173,0.9153439153439153
32.733333333333334,1.153125,1.8694444444444445,1.1405895691609977,0.7658730158730159
32.766666666666666,1.153125,1.7583333333333333,1.1428571428571428,0.7658730158730159
32.8,1.1375,1.8194444444444444,1.1156462585034013,0.7592592592592593
32.833333333333336,1.1375,1.8555555555555556,1.1156462585034013,1.0423280423280423
32.86666666666667,1.246875,1.7055555555555555,1.1337868480725624,1.0423280423280423
32.9,1.246875,1.7055555555555555,1.1337868480725624,1.0423280423280423
32.93333333333333,1.0,1.9055555555555554,1.1337868480725624,0.8015873015873016
32.96666666666667,1.0,1.9083333333333334,1.0,0.8015873015873016
33.0,0.99375,1.8722222222222222,1.163265306122449,1.0767195767195767
33.03333333333333,0.99375,1.8722222222222222,1.163265306122449,1.0767195767195767
33.06666666666667,1.21875,1.7305555555555556,1.163265306122449,1.0767195767195767
33.1,1.21875,1.7472222222222222,1.018140589569161,0.7248677248677249
33.13333333333333,1.234375,1.7527777777777778,1.0249433106575965,0.7275132275132276
33.166666666666664,0.953125,1.988888888888889,1.0090702947845804,0.7685185185185185
33.2,1.21875,1.8166666666666667,1.1678004535147393,0.7791005291005291
33.233333333333334,1.246875,1.8194444444444444,1.18140589569161,0.7791005291005291
33.266666666666666,1.215625,1.8138888888888889,1.126984126984127,0.8505291005291006
33.3,1.184375,1.6611111111111112,1.2063492063492063,0.8161375661375662
33.333333333333336,1.246875,1.7194444444444446,1.215419501133787,0.8121693121693122
33.36666666666667,1.246875,1.7194444444444446,1.1133786848072562,0.8121693121693122
33.4,1.025,2.0277777777777777,1.1133786848072562,0.8029100529100529
33.43333333333333,1.025,2.0277777777777777,1.0453514739229024,0.8029100529100529
33.46666666666667,1.115625,1.8833333333333333,1.3151927437641724,1.1164021164021165
33.5,1.2,2.0166666666666666,1.3151927437641724,1.1164021164021165
33.53333333333333,1.115625,1.9777777777777779,1.0839002267573696,1.0502645502645502
33.56666666666667,1.203125,2.0055555555555555,1.3696145124716552,1.0502645502645502
33.6,1.0875,1.8333333333333333,1.3900226757369614,1.0952380952380953
33.63333333333333,1.09375,1.9083333333333334,1.4829931972789117,1.0158730158730158
33.666666666666664,0.98125,1.9388888888888889,1.2312925170068028,1.0158730158730158
33.7,0.98125,1.9388888888888889,1.2380952380952381,1.0158730158730158
33.733333333333334,1.125,1.8277777777777777,1.183673469387755,1.060846560846561
33.766666666666666,1.125,1.7972222222222223,1.433106575963719,1.060846560846561
33.8,1.04375,1.9194444444444445,1.3741496598639455,1.0383597883597884
33.833333333333336,1.021875,1.925,1.3605442176870748,1.066137566137566
33.86666666666667,1.284375,1.9194444444444445,1.0272108843537415,1.0846560846560847
33.9,1.284375,1.9277777777777778,1.0680272108843538,1.2116402116402116
33.93333333333333,1.26875,1.8027777777777778,1.0748299319727892,1.1693121693121693
33.96666666666667,1.26875,1.6305555555555555,1.1020408163265305,1.2116402116402116
34.0,1.246875,1.7694444444444444,1.2018140589569162,1.2301587301587302
34.03333333333333,1.246875,1.7694444444444444,1.2018140589569162,1.2301587301587302
34.06666666666667,1.28125,1.8111111111111111,1.0,1.1216931216931216
34.1,1.28125,1.8138888888888889,1.0,1.0925925925925926
34.13333333333333,1.234375,1.9333333333333333,1.0952380952380953,1.1494708994708995
34.166666666666664,1.234375,1.9444444444444444,1.0952380952380953,1.1494708994708995
34.2,1.0,1.7527777777777778,1.310657596371882,1.052910052910053
34.233333333333334,1.0,1.7527777777777778,1.4285714285714286,1.0449735449735449
34.266666666666666,1.159375,1.9055555555555554,1.3968253968253967,1.0886243386243386
34.3,1.159375,1.9055555555555554,1.4308390022675737,1.0952380952380953
34.333333333333336,1.159375,1.9944444444444445,1.183673469387755,1.0740740740740742
34.36666666666667,1.159375,1.9944444444444445,1.2131519274376417,1.060846560846561
34.4,1.159375,1.7527777777777778,1.2857142857142858,1.0595238095238095
34.43333333333333,1.159375,1.7527777777777778,1.342403628117914,1.0806878306878307
34.46666666666667,1.05625,1.5611111111111111,1.0634920634920635,1.0806878306878307
34.5,1.05625,1.5611111111111111,1.0634920634920635,1.0806878306878307
34.53333333333333,1.1375,1.75,1.0,1.0251322751322751
34.56666666666667,1.1375,1.75,1.0408163265306123,1.1044973544973544
34.6,1.228125,1.75,1.0408163265306123,1.0793650793650793
34.63333333333333,1.24375,1.7722222222222221,1.0408163265306123,1.0793650793650793
34.666666666666664,1.16875,1.7444444444444445,1.1088435374149659,1.093915343915344
34.7,1.16875,1.7444444444444445,1.1723356009070294,1.093915343915344
34.733333333333334,1.1,1.775,1.08843537414966,1.0753968253968254
34.766666666666666,1.1,1.775,1.1020408163265305,1.0648148148148149
34.8,1.059375,1.7333333333333334,1.1315192743764173,1.0595238095238095
34.833333333333336,1.059375,1.7333333333333334,1.1496598639455782,0.8743386243386243
34.86666666666667,1.121875,1.7666666666666666,1.1405895691609977,0.8743386243386243
34.9,1.115625,1.75,1.1564625850340136,0.8743386243386243
34.93333333333333,1.25,1.7666666666666666,1.2358276643990929,0.8082010582010583
34.96666666666667,1.25,1.4861111111111112,1.2358276643990929,0.8082010582010583
35.0,1.2125,1.863888888888889,1.4195011337868482,0.8359788359788359
35.03333333333333,1.31875,1.9333333333333333,1.4285714285714286,0.7619047619047619
35.06666666666667,1.153125,1.8166666666666667,1.1428571428571428,0.7724867724867724
35.1,1.1625,1.8166666666666667,1.2040816326530612,0.873015873015873
35.13333333333333,1.159375,1.7527777777777778,1.1156462585034013,0.8809523809523809
35.166666666666664,1.109375,1.7527777777777778,1.1768707482993197,0.7632275132275133
35.2,1.16875,1.8305555555555555,1.1496598639455782,0.7632275132275133
35.233333333333334,1.225,1.8416666666666666,1.1609977324263039,0.7248677248677249
35.266666666666666,1.08125,1.8611111111111112,1.0136054421768708,0.7248677248677249
35.3,1.08125,1.8611111111111112,1.034013605442177,0.7248677248677249
35.333333333333336,1.121875,1.8611111111111112,1.056689342403628,0.7804232804232805
35.36666666666667,1.121875,1.7277777777777779,1.056689342403628,0.7804232804232805
35.4,1.128125,1.7333333333333334,1.3968253968253967,0.8306878306878307
35.43333333333333,1.096875,1.7333333333333334,1.433106575963719,1.0833333333333333
35.46666666666667,1.103125,1.863888888888889,1.4557823129251701,1.0833333333333333
35.5,1.103125,1.863888888888889,1.526077097505669,0.996031746031746
35.53333333333333,1.2,1.8222222222222222,1.1133786848072562,0.996031746031746
35.56666666666667,1.2,1.7666666666666666,1.1133786848072562,1.037037037037037
35.6,1.228125,1.75,1.344671201814059,1.037037037037037
35.63333333333333,1.228125,1.75,1.380952380952381,1.1018518518518519
35.666666666666664,1.109375,1.825,1.0634920634920635,1.1388888888888888
35.7,1.109375,1.825,1.1088435374149659,1.1375661375661377
35.733333333333334,1.146875,1.6027777777777779,1.0,1.1693121693121693
35.766666666666666,1.146875,1.6027777777777779,1.2403628117913832,1.1693121693121693
35.8,1.1375,1.9972222222222222,1.0453514739229024,1.183862433862434
35.833333333333336,1.1375,1.711111111111111,1.18140589569161,1.183862433862434
35.86666666666667,1.0625,1.7083333333333333,1.1519274376417235,0.828042328042328
35.9,1.0625,1.7083333333333333,1.1519274376417235,0.828042328042328
35.93333333333333,1.065625,2.0,1.0657596371882085,0.8068783068783069
35.96666666666667,1.065625,1.886111111111111,1.0657596371882085,0.8201058201058201
36.0,1.021875,1.836111111111111,1.2834467120181405,0.8201058201058201
36.03333333333333,1.021875,1.8222222222222222,1.2834467120181405,0.7632275132275133
36.06666666666667,1.0625,1.8222222222222222,1.1541950113378685,0.7632275132275133
36.1,1.125,1.8222222222222222,1.1541950113378685,0.7632275132275133
36.13333333333333,1.15625,1.925,1.256235827664399,0.8597883597883598
36.166666666666664,1.15625,1.925,1.256235827664399,0.8201058201058201
36.2,1.175,1.9833333333333334,1.2471655328798186,0.8201058201058201
36.233333333333334,1.175,1.9833333333333334,1.124716553287982,0.7301587301587301
36.266666666666666,1.19375,1.6972222222222222,1.3310657596371882,0.7301587301587301
36.3,1.19375,1.6777777777777778,1.3310657596371882,0.7341269841269841
36.333333333333336,1.19375,1.5944444444444446,1.2494331065759636,0.8849206349206349
36.36666666666667,1.190625,1.625,1.2494331065759636,0.8187830687830688
36.4,1.121875,1.7833333333333334,1.5351473922902494,0.7976190476190477
36.43333333333333,1.121875,1.7833333333333334,1.5351473922902494,0.8690476190476191
36.46666666666667,1.065625,1.8416666666666666,1.1088435374149659,0.8690476190476191
36.5,1.065625,1.8416666666666666,1.0,0.8690476190476191
36.53333333333333,1.065625,1.55,1.3537414965986394,0.9153439153439153
36.56666666666667,1.08125,1.55,1.3537414965986394,1.0423280423280423
36.6,1.1625,1.925,1.3537414965986394,1.0595238095238095
36.63333333333333,1.1625,1.8138888888888889,1.3537414965986394,1.1362433862433863
36.666666666666664,1.175,1.7,1.2244897959183674,1.1507936507936507
36.7,1.171875,1.7,1.251700680272109,1.0092592592592593
36.733333333333334,1.29375,1.6944444444444444,1.08843537414966,1.0092592592592593
36.766666666666666,1.19375,1.6944444444444444,1.08843537414966,1.0092592592592593
36.8,1.16875,1.775,1.2789115646258504,0.8544973544973545
36.833333333333336,1.16875,1.7944444444444445,1.2789115646258504,0.8134920634920635
36.86666666666667,1.15625,1.9361111111111111,1.0589569160997732,0.8134920634920635
36.9,1.25625,1.9361111111111111,1.0634920634920635,0.8134920634920635
36.93333333333333,1.25625,1.8055555555555556,1.2494331065759636,0.8201058201058201
36.96666666666667,1.25625,1.8055555555555556,1.2607709750566893,0.8201058201058201
37.0,1.0625,1.7805555555555554,1.0657596371882085,0.9034391534391535
37.03333333333333,1.0625,1.7805555555555554,1.1564625850340136,0.9034391534391535
37.06666666666667,1.15625,1.6777777777777778,1.1065759637188208,0.8452380952380952
37.1,1.15625,1.6777777777777778,1.1065759637188208,0.8452380952380952
37.13333333333333,1.01875,1.9,1.0997732426303855,0.8452380952380952
37.166666666666664,1.01875,1.9,1.1201814058956916,0.8465608465608465
37.2,1.190625,1.7805555555555554,1.129251700680272,0.8465608465608465
37.233333333333334,1.190625,1.7805555555555554,1.1360544217687074,0.8240740740740741
37.266666666666666,1.146875,1.8666666666666667,1.0657596371882085,0.8240740740740741
37.3,1.146875,1.8666666666666667,1.1111111111111112,0.8240740740740741
37.333333333333336,1.278125,1.8666666666666667,1.183673469387755,0.8002645502645502
37.36666666666667,1.259375,2.066666666666667,1.183673469387755,1.052910052910053
37.4,1.0,1.9777777777777779,1.183673469387755,1.052910052910053
37.43333333333333,1.16875,1.9777777777777779,1.2131519274376417,1.085978835978836
37.46666666666667,1.121875,2.077777777777778,1.3582766439909297,0.8082010582010583
37.5,1.121875,2.077777777777778,1.4625850340136055,0.7962962962962963
37.53333333333333,1.05625,2.236111111111111,1.215419501133787,0.7962962962962963
37.56666666666667,1.05625,2.236111111111111,1.1655328798185942,0.7936507936507936
37.6,1.103125,1.8222222222222222,1.0770975056689343,0.7936507936507936
37.63333333333333,1.103125,1.8222222222222222,1.08843537414966,0.7936507936507936
37.666666666666664,1.103125,1.8555555555555556,1.145124716553288,0.91005291005291
37.7,1.2125,1.8555555555555556,1.145124716553288,0.843915343915344
37.733333333333334,1.109375,1.9666666666666666,1.145124716553288,0.843915343915344
37.766666666666666,1.109375,1.9722222222222223,1.0,0.83994708994709
37.8,1.059375,1.5722222222222222,1.0,0.83994708994709
37.833333333333336,1.059375,1.7,1.129251700680272,0.8558201058201058
37.86666666666667,1.1625,1.7944444444444445,1.290249433106576,0.8558201058201058
37.9,1.1625,1.7944444444444445,1.3356009070294785,0.7738095238095238
37.93333333333333,0.953125,1.7222222222222223,1.0498866213151927,0.7738095238095238
37.96666666666667,0.953125,1.725,1.0498866213151927,0.7738095238095238
38.0,1.190625,1.775,1.0634920634920635,1.0595238095238095
38.03333333333333,1.190625,1.775,1.0634920634920635,1.0595238095238095
38.06666666666667,1.0,1.863888888888889,1.2653061224489797,0.8412698412698413
38.1,1.559375,1.7527777777777778,1.3378684807256236,0.8412698412698413
38.13333333333333,1.559375,1.8027777777777778,1.439909297052154,0.8029100529100529
38.166666666666664,1.55625,1.8027777777777778,1.560090702947846,0.75
38.2,1.065625,1.8777777777777778,1.3015873015873016,0.75
38.233333333333334,1.065625,1.8777777777777778,1.256235827664399,0.75
38.266666666666666,1.059375,1.788888888888889,1.272108843537415,0.8650793650793651
38.3,1.059375,1.788888888888889,1.2766439909297052,0.7870370370370371
38.333333333333336,1.05,1.8472222222222223,1.5804988662131518,0.7857142857142857
38.36666666666667,1.05,1.85,1.562358276643991,1.0317460317460319
38.4,1.315625,1.6777777777777778,1.492063492063492,1.0317460317460319
38.43333333333333,1.315625,1.7805555555555554,1.5555555555555556,1.0317460317460319
38.46666666666667,1.0,1.7861111111111112,1.2244897959183674,1.0119047619047619
38.5,1.0,1.7694444444444444,1.2426303854875282,1.0119047619047619
38.53333333333333,1.4,1.8305555555555555,1.2403628117913832,1.1177248677248677
38.56666666666667,1.4,1.8305555555555555,1.126984126984127,1.0092592592592593
38.6,1.340625,1.8305555555555555,1.0158730158730158,1.0092592592592593
38.63333333333333,1.115625,1.836111111111111,1.09297052154195,1.0092592592592593
38.666666666666664,1.115625,1.7555555555555555,1.1360544217687074,1.0449735449735449
38.7,1.125,1.7555555555555555,1.1428571428571428,1.0449735449735449
38.733333333333334,1.125,1.6305555555555555,1.1655328798185942,1.0515873015873016
38.766666666666666,1.190625,1.6305555555555555,1.1655328798185942,1.1164021164021165
38.8,1.178125,1.7416666666666667,1.1746031746031746,1.1164021164021165
38.833333333333336,1.19375,1.7416666666666667,1.1768707482993197,1.1164021164021165
38.86666666666667,1.0,1.8222222222222222,1.1156462585034013,1.037037037037037
38.9,1.146875,1.8222222222222222,1.126984126984127,0.8134920634920635
38.93333333333333,1.146875,1.8472222222222223,1.1859410430839001,0.7738095238095238
38.96666666666667,0.99375,1.9833333333333334,1.1859410430839001,0.8293650793650794
39.0,1.15,1.7722222222222221,1.1678004535147393,0.7671957671957672
